"dataset_id","accession","role","layer","assay","gsm","file_name","source_url","size_bytes_expected","resumable","checksum_published","checksum_algorithm","sha256_observed","download_date","genome_build","build_matches_project","liftover_required","preprocessing_status","publication_pmid","publication_citation","licence","acquisition_method","required","status"
"GSE230649","GSE230649","keystone","cis_regulatory","ChIP-seq;ATAC-seq","GSM7230493","GSM7230493_H3K27Ac_COLO668_R1_treat_pileup.bedgraph.gz","https://ftp.ncbi.nlm.nih.gov/geo/samples/GSM7230nnn/GSM7230493/suppl/GSM7230493_H3K27Ac_COLO668_R1_treat_pileup.bedgraph.gz",442682881,TRUE,NA,"none_published",NA,NA,"hg19","TRUE",FALSE,"MACS2 treat_pileup signal tracks (bedGraph, gzipped). Aligned with BWA to hg19. NOT peak calls — the deposit contains no peak files, which is why the architecture quantifies signal over an ATAC-defined region universe (D-004).",38747975,"Plotnik JP et al. (2024) MYC family amplification dictates sensitivity to BET bromodomain protein inhibitor Mivebresib (ABBV-075) in small cell lung cancer. Mol Cancer Res.","NCBI GEO public data. No stated restriction; cite the original publication. Not redistributed by this repository.","per_sample",TRUE,"pending"
"GSE230649","GSE230649","keystone","cis_regulatory","ChIP-seq;ATAC-seq","GSM7230494","GSM7230494_H3K27Ac_H1048_R1_treat_pileup.bedgraph.gz","https://ftp.ncbi.nlm.nih.gov/geo/samples/GSM7230nnn/GSM7230494/suppl/GSM7230494_H3K27Ac_H1048_R1_treat_pileup.bedgraph.gz",411111936,TRUE,NA,"none_published",NA,NA,"hg19","TRUE",FALSE,"MACS2 treat_pileup signal tracks (bedGraph, gzipped). Aligned with BWA to hg19. NOT peak calls — the deposit contains no peak files, which is why the architecture quantifies signal over an ATAC-defined region universe (D-004).",38747975,"Plotnik JP et al. (2024) MYC family amplification dictates sensitivity to BET bromodomain protein inhibitor Mivebresib (ABBV-075) in small cell lung cancer. Mol Cancer Res.","NCBI GEO public data. No stated restriction; cite the original publication. Not redistributed by this repository.","per_sample",TRUE,"pending"
"GSE230649","GSE230649","keystone","cis_regulatory","ChIP-seq;ATAC-seq","GSM7230495","GSM7230495_H3K27Ac_H196_R1_treat_pileup.bedgraph.gz","https://ftp.ncbi.nlm.nih.gov/geo/samples/GSM7230nnn/GSM7230495/suppl/GSM7230495_H3K27Ac_H196_R1_treat_pileup.bedgraph.gz",233888997,TRUE,NA,"none_published",NA,NA,"hg19","TRUE",FALSE,"MACS2 treat_pileup signal tracks (bedGraph, gzipped). Aligned with BWA to hg19. NOT peak calls — the deposit contains no peak files, which is why the architecture quantifies signal over an ATAC-defined region universe (D-004).",38747975,"Plotnik JP et al. (2024) MYC family amplification dictates sensitivity to BET bromodomain protein inhibitor Mivebresib (ABBV-075) in small cell lung cancer. Mol Cancer Res.","NCBI GEO public data. No stated restriction; cite the original publication. Not redistributed by this repository.","per_sample",TRUE,"pending"
"GSE230649","GSE230649","keystone","cis_regulatory","ChIP-seq;ATAC-seq","GSM7230496","GSM7230496_H3K27Ac_H211_R1_treat_pileup.bedgraph.gz","https://ftp.ncbi.nlm.nih.gov/geo/samples/GSM7230nnn/GSM7230496/suppl/GSM7230496_H3K27Ac_H211_R1_treat_pileup.bedgraph.gz",605971005,TRUE,NA,"none_published",NA,NA,"hg19","TRUE",FALSE,"MACS2 treat_pileup signal tracks (bedGraph, gzipped). Aligned with BWA to hg19. NOT peak calls — the deposit contains no peak files, which is why the architecture quantifies signal over an ATAC-defined region universe (D-004).",38747975,"Plotnik JP et al. (2024) MYC family amplification dictates sensitivity to BET bromodomain protein inhibitor Mivebresib (ABBV-075) in small cell lung cancer. Mol Cancer Res.","NCBI GEO public data. No stated restriction; cite the original publication. Not redistributed by this repository.","per_sample",TRUE,"pending"
"GSE230649","GSE230649","keystone","cis_regulatory","ChIP-seq;ATAC-seq","GSM7230497","GSM7230497_H3K27Ac_H524_R1_treat_pileup.bedgraph.gz","https://ftp.ncbi.nlm.nih.gov/geo/samples/GSM7230nnn/GSM7230497/suppl/GSM7230497_H3K27Ac_H524_R1_treat_pileup.bedgraph.gz",237866964,TRUE,NA,"none_published",NA,NA,"hg19","TRUE",FALSE,"MACS2 treat_pileup signal tracks (bedGraph, gzipped). Aligned with BWA to hg19. NOT peak calls — the deposit contains no peak files, which is why the architecture quantifies signal over an ATAC-defined region universe (D-004).",38747975,"Plotnik JP et al. (2024) MYC family amplification dictates sensitivity to BET bromodomain protein inhibitor Mivebresib (ABBV-075) in small cell lung cancer. Mol Cancer Res.","NCBI GEO public data. No stated restriction; cite the original publication. Not redistributed by this repository.","per_sample",TRUE,"pending"
"GSE230649","GSE230649","keystone","cis_regulatory","ChIP-seq;ATAC-seq","GSM7230498","GSM7230498_H3K27Ac_H526_R1_treat_pileup.bedgraph.gz","https://ftp.ncbi.nlm.nih.gov/geo/samples/GSM7230nnn/GSM7230498/suppl/GSM7230498_H3K27Ac_H526_R1_treat_pileup.bedgraph.gz",261364359,TRUE,NA,"none_published",NA,NA,"hg19","TRUE",FALSE,"MACS2 treat_pileup signal tracks (bedGraph, gzipped). Aligned with BWA to hg19. NOT peak calls — the deposit contains no peak files, which is why the architecture quantifies signal over an ATAC-defined region universe (D-004).",38747975,"Plotnik JP et al. (2024) MYC family amplification dictates sensitivity to BET bromodomain protein inhibitor Mivebresib (ABBV-075) in small cell lung cancer. Mol Cancer Res.","NCBI GEO public data. No stated restriction; cite the original publication. Not redistributed by this repository.","per_sample",TRUE,"pending"
"GSE230649","GSE230649","keystone","cis_regulatory","ChIP-seq;ATAC-seq","GSM7230499","GSM7230499_H3K27Ac_H69_R1_treat_pileup.bedgraph.gz","https://ftp.ncbi.nlm.nih.gov/geo/samples/GSM7230nnn/GSM7230499/suppl/GSM7230499_H3K27Ac_H69_R1_treat_pileup.bedgraph.gz",213675840,TRUE,NA,"none_published",NA,NA,"hg19","TRUE",FALSE,"MACS2 treat_pileup signal tracks (bedGraph, gzipped). Aligned with BWA to hg19. NOT peak calls — the deposit contains no peak files, which is why the architecture quantifies signal over an ATAC-defined region universe (D-004).",38747975,"Plotnik JP et al. (2024) MYC family amplification dictates sensitivity to BET bromodomain protein inhibitor Mivebresib (ABBV-075) in small cell lung cancer. Mol Cancer Res.","NCBI GEO public data. No stated restriction; cite the original publication. Not redistributed by this repository.","per_sample",TRUE,"pending"
"GSE230649","GSE230649","keystone","cis_regulatory","ChIP-seq;ATAC-seq","GSM7230500","GSM7230500_H3K27Ac_H847_R1_treat_pileup.bedgraph.gz","https://ftp.ncbi.nlm.nih.gov/geo/samples/GSM7230nnn/GSM7230500/suppl/GSM7230500_H3K27Ac_H847_R1_treat_pileup.bedgraph.gz",467976341,TRUE,NA,"none_published",NA,NA,"hg19","TRUE",FALSE,"MACS2 treat_pileup signal tracks (bedGraph, gzipped). Aligned with BWA to hg19. NOT peak calls — the deposit contains no peak files, which is why the architecture quantifies signal over an ATAC-defined region universe (D-004).",38747975,"Plotnik JP et al. (2024) MYC family amplification dictates sensitivity to BET bromodomain protein inhibitor Mivebresib (ABBV-075) in small cell lung cancer. Mol Cancer Res.","NCBI GEO public data. No stated restriction; cite the original publication. Not redistributed by this repository.","per_sample",TRUE,"pending"
"GSE230649","GSE230649","keystone","cis_regulatory","ChIP-seq;ATAC-seq","GSM7230501","GSM7230501_H3K27Ac_H889_R1_treat_pileup.bedgraph.gz","https://ftp.ncbi.nlm.nih.gov/geo/samples/GSM7230nnn/GSM7230501/suppl/GSM7230501_H3K27Ac_H889_R1_treat_pileup.bedgraph.gz",235781569,TRUE,NA,"none_published",NA,NA,"hg19","TRUE",FALSE,"MACS2 treat_pileup signal tracks (bedGraph, gzipped). Aligned with BWA to hg19. NOT peak calls — the deposit contains no peak files, which is why the architecture quantifies signal over an ATAC-defined region universe (D-004).",38747975,"Plotnik JP et al. (2024) MYC family amplification dictates sensitivity to BET bromodomain protein inhibitor Mivebresib (ABBV-075) in small cell lung cancer. Mol Cancer Res.","NCBI GEO public data. No stated restriction; cite the original publication. Not redistributed by this repository.","per_sample",TRUE,"pending"
"GSE230649","GSE230649","keystone","cis_regulatory","ChIP-seq;ATAC-seq","GSM7230502","GSM7230502_H3K27Ac_SHP77_R1_treat_pileup.bedgraph.gz","https://ftp.ncbi.nlm.nih.gov/geo/samples/GSM7230nnn/GSM7230502/suppl/GSM7230502_H3K27Ac_SHP77_R1_treat_pileup.bedgraph.gz",390389043,TRUE,NA,"none_published",NA,NA,"hg19","TRUE",FALSE,"MACS2 treat_pileup signal tracks (bedGraph, gzipped). Aligned with BWA to hg19. NOT peak calls — the deposit contains no peak files, which is why the architecture quantifies signal over an ATAC-defined region universe (D-004).",38747975,"Plotnik JP et al. (2024) MYC family amplification dictates sensitivity to BET bromodomain protein inhibitor Mivebresib (ABBV-075) in small cell lung cancer. Mol Cancer Res.","NCBI GEO public data. No stated restriction; cite the original publication. Not redistributed by this repository.","per_sample",TRUE,"pending"
"GSE230649","GSE230649","keystone","cis_regulatory","ChIP-seq;ATAC-seq","GSM7230503","GSM7230503_MYC_H1048_R1_treat_pileup.bedgraph.gz","https://ftp.ncbi.nlm.nih.gov/geo/samples/GSM7230nnn/GSM7230503/suppl/GSM7230503_MYC_H1048_R1_treat_pileup.bedgraph.gz",252749930,TRUE,NA,"none_published",NA,NA,"hg19","TRUE",FALSE,"MACS2 treat_pileup signal tracks (bedGraph, gzipped). Aligned with BWA to hg19. NOT peak calls — the deposit contains no peak files, which is why the architecture quantifies signal over an ATAC-defined region universe (D-004).",38747975,"Plotnik JP et al. (2024) MYC family amplification dictates sensitivity to BET bromodomain protein inhibitor Mivebresib (ABBV-075) in small cell lung cancer. Mol Cancer Res.","NCBI GEO public data. No stated restriction; cite the original publication. Not redistributed by this repository.","per_sample",TRUE,"pending"
"GSE230649","GSE230649","keystone","cis_regulatory","ChIP-seq;ATAC-seq","GSM7230504","GSM7230504_MYC_H211_R1_treat_pileup.bedgraph.gz","https://ftp.ncbi.nlm.nih.gov/geo/samples/GSM7230nnn/GSM7230504/suppl/GSM7230504_MYC_H211_R1_treat_pileup.bedgraph.gz",223798371,TRUE,NA,"none_published",NA,NA,"hg19","TRUE",FALSE,"MACS2 treat_pileup signal tracks (bedGraph, gzipped). Aligned with BWA to hg19. NOT peak calls — the deposit contains no peak files, which is why the architecture quantifies signal over an ATAC-defined region universe (D-004).",38747975,"Plotnik JP et al. (2024) MYC family amplification dictates sensitivity to BET bromodomain protein inhibitor Mivebresib (ABBV-075) in small cell lung cancer. Mol Cancer Res.","NCBI GEO public data. No stated restriction; cite the original publication. Not redistributed by this repository.","per_sample",TRUE,"pending"
"GSE230649","GSE230649","keystone","cis_regulatory","ChIP-seq;ATAC-seq","GSM7230505","GSM7230505_MYC_H524_R1_treat_pileup.bedgraph.gz","https://ftp.ncbi.nlm.nih.gov/geo/samples/GSM7230nnn/GSM7230505/suppl/GSM7230505_MYC_H524_R1_treat_pileup.bedgraph.gz",356112450,TRUE,NA,"none_published",NA,NA,"hg19","TRUE",FALSE,"MACS2 treat_pileup signal tracks (bedGraph, gzipped). Aligned with BWA to hg19. NOT peak calls — the deposit contains no peak files, which is why the architecture quantifies signal over an ATAC-defined region universe (D-004).",38747975,"Plotnik JP et al. (2024) MYC family amplification dictates sensitivity to BET bromodomain protein inhibitor Mivebresib (ABBV-075) in small cell lung cancer. Mol Cancer Res.","NCBI GEO public data. No stated restriction; cite the original publication. Not redistributed by this repository.","per_sample",TRUE,"pending"
"GSE230649","GSE230649","keystone","cis_regulatory","ChIP-seq;ATAC-seq","GSM7230506","GSM7230506_MYC_H847_R1_treat_pileup.bedgraph.gz","https://ftp.ncbi.nlm.nih.gov/geo/samples/GSM7230nnn/GSM7230506/suppl/GSM7230506_MYC_H847_R1_treat_pileup.bedgraph.gz",310981839,TRUE,NA,"none_published",NA,NA,"hg19","TRUE",FALSE,"MACS2 treat_pileup signal tracks (bedGraph, gzipped). Aligned with BWA to hg19. NOT peak calls — the deposit contains no peak files, which is why the architecture quantifies signal over an ATAC-defined region universe (D-004).",38747975,"Plotnik JP et al. (2024) MYC family amplification dictates sensitivity to BET bromodomain protein inhibitor Mivebresib (ABBV-075) in small cell lung cancer. Mol Cancer Res.","NCBI GEO public data. No stated restriction; cite the original publication. Not redistributed by this repository.","per_sample",TRUE,"pending"
"GSE230649","GSE230649","keystone","cis_regulatory","ChIP-seq;ATAC-seq","GSM7230507","GSM7230507_MYC_SHP77_R1_treat_pileup.bedgraph.gz","https://ftp.ncbi.nlm.nih.gov/geo/samples/GSM7230nnn/GSM7230507/suppl/GSM7230507_MYC_SHP77_R1_treat_pileup.bedgraph.gz",180429727,TRUE,NA,"none_published",NA,NA,"hg19","TRUE",FALSE,"MACS2 treat_pileup signal tracks (bedGraph, gzipped). Aligned with BWA to hg19. NOT peak calls — the deposit contains no peak files, which is why the architecture quantifies signal over an ATAC-defined region universe (D-004).",38747975,"Plotnik JP et al. (2024) MYC family amplification dictates sensitivity to BET bromodomain protein inhibitor Mivebresib (ABBV-075) in small cell lung cancer. Mol Cancer Res.","NCBI GEO public data. No stated restriction; cite the original publication. Not redistributed by this repository.","per_sample",TRUE,"pending"
"GSE230649","GSE230649","keystone","cis_regulatory","ChIP-seq;ATAC-seq","GSM7230508","GSM7230508_MYCL1_COLO668_R1_treat_pileup.bedgraph.gz","https://ftp.ncbi.nlm.nih.gov/geo/samples/GSM7230nnn/GSM7230508/suppl/GSM7230508_MYCL1_COLO668_R1_treat_pileup.bedgraph.gz",399647454,TRUE,NA,"none_published",NA,NA,"hg19","TRUE",FALSE,"MACS2 treat_pileup signal tracks (bedGraph, gzipped). Aligned with BWA to hg19. NOT peak calls — the deposit contains no peak files, which is why the architecture quantifies signal over an ATAC-defined region universe (D-004).",38747975,"Plotnik JP et al. (2024) MYC family amplification dictates sensitivity to BET bromodomain protein inhibitor Mivebresib (ABBV-075) in small cell lung cancer. Mol Cancer Res.","NCBI GEO public data. No stated restriction; cite the original publication. Not redistributed by this repository.","per_sample",TRUE,"pending"
"GSE230649","GSE230649","keystone","cis_regulatory","ChIP-seq;ATAC-seq","GSM7230509","GSM7230509_MYCL1_H889_R1_treat_pileup.bedgraph.gz","https://ftp.ncbi.nlm.nih.gov/geo/samples/GSM7230nnn/GSM7230509/suppl/GSM7230509_MYCL1_H889_R1_treat_pileup.bedgraph.gz",323993535,TRUE,NA,"none_published",NA,NA,"hg19","TRUE",FALSE,"MACS2 treat_pileup signal tracks (bedGraph, gzipped). Aligned with BWA to hg19. NOT peak calls — the deposit contains no peak files, which is why the architecture quantifies signal over an ATAC-defined region universe (D-004).",38747975,"Plotnik JP et al. (2024) MYC family amplification dictates sensitivity to BET bromodomain protein inhibitor Mivebresib (ABBV-075) in small cell lung cancer. Mol Cancer Res.","NCBI GEO public data. No stated restriction; cite the original publication. Not redistributed by this repository.","per_sample",TRUE,"pending"
"GSE230649","GSE230649","keystone","cis_regulatory","ChIP-seq;ATAC-seq","GSM7230510","GSM7230510_MYCN_H526_R1_treat_pileup.bedgraph.gz","https://ftp.ncbi.nlm.nih.gov/geo/samples/GSM7230nnn/GSM7230510/suppl/GSM7230510_MYCN_H526_R1_treat_pileup.bedgraph.gz",442140865,TRUE,NA,"none_published",NA,NA,"hg19","TRUE",FALSE,"MACS2 treat_pileup signal tracks (bedGraph, gzipped). Aligned with BWA to hg19. NOT peak calls — the deposit contains no peak files, which is why the architecture quantifies signal over an ATAC-defined region universe (D-004).",38747975,"Plotnik JP et al. (2024) MYC family amplification dictates sensitivity to BET bromodomain protein inhibitor Mivebresib (ABBV-075) in small cell lung cancer. Mol Cancer Res.","NCBI GEO public data. No stated restriction; cite the original publication. Not redistributed by this repository.","per_sample",TRUE,"pending"
"GSE230649","GSE230649","keystone","cis_regulatory","ChIP-seq;ATAC-seq","GSM7230511","GSM7230511_MYCN_H69_R1_treat_pileup.bedgraph.gz","https://ftp.ncbi.nlm.nih.gov/geo/samples/GSM7230nnn/GSM7230511/suppl/GSM7230511_MYCN_H69_R1_treat_pileup.bedgraph.gz",400971832,TRUE,NA,"none_published",NA,NA,"hg19","TRUE",FALSE,"MACS2 treat_pileup signal tracks (bedGraph, gzipped). Aligned with BWA to hg19. NOT peak calls — the deposit contains no peak files, which is why the architecture quantifies signal over an ATAC-defined region universe (D-004).",38747975,"Plotnik JP et al. (2024) MYC family amplification dictates sensitivity to BET bromodomain protein inhibitor Mivebresib (ABBV-075) in small cell lung cancer. Mol Cancer Res.","NCBI GEO public data. No stated restriction; cite the original publication. Not redistributed by this repository.","per_sample",TRUE,"pending"
"GSE230649","GSE230649","keystone","cis_regulatory","ChIP-seq;ATAC-seq","GSM7230512","GSM7230512_COLO668_treat_pileup.bedgraph.gz","https://ftp.ncbi.nlm.nih.gov/geo/samples/GSM7230nnn/GSM7230512/suppl/GSM7230512_COLO668_treat_pileup.bedgraph.gz",331329518,TRUE,NA,"none_published",NA,NA,"hg19","TRUE",FALSE,"MACS2 treat_pileup signal tracks (bedGraph, gzipped). Aligned with BWA to hg19. NOT peak calls — the deposit contains no peak files, which is why the architecture quantifies signal over an ATAC-defined region universe (D-004).",38747975,"Plotnik JP et al. (2024) MYC family amplification dictates sensitivity to BET bromodomain protein inhibitor Mivebresib (ABBV-075) in small cell lung cancer. Mol Cancer Res.","NCBI GEO public data. No stated restriction; cite the original publication. Not redistributed by this repository.","per_sample",TRUE,"pending"
"GSE230649","GSE230649","keystone","cis_regulatory","ChIP-seq;ATAC-seq","GSM7230513","GSM7230513_H1048_treat_pileup.bedgraph.gz","https://ftp.ncbi.nlm.nih.gov/geo/samples/GSM7230nnn/GSM7230513/suppl/GSM7230513_H1048_treat_pileup.bedgraph.gz",340443282,TRUE,NA,"none_published",NA,NA,"hg19","TRUE",FALSE,"MACS2 treat_pileup signal tracks (bedGraph, gzipped). Aligned with BWA to hg19. NOT peak calls — the deposit contains no peak files, which is why the architecture quantifies signal over an ATAC-defined region universe (D-004).",38747975,"Plotnik JP et al. (2024) MYC family amplification dictates sensitivity to BET bromodomain protein inhibitor Mivebresib (ABBV-075) in small cell lung cancer. Mol Cancer Res.","NCBI GEO public data. No stated restriction; cite the original publication. Not redistributed by this repository.","per_sample",TRUE,"pending"
"GSE230649","GSE230649","keystone","cis_regulatory","ChIP-seq;ATAC-seq","GSM7230514","GSM7230514_H196_treat_pileup.bedgraph.gz","https://ftp.ncbi.nlm.nih.gov/geo/samples/GSM7230nnn/GSM7230514/suppl/GSM7230514_H196_treat_pileup.bedgraph.gz",155789257,TRUE,NA,"none_published",NA,NA,"hg19","TRUE",FALSE,"MACS2 treat_pileup signal tracks (bedGraph, gzipped). Aligned with BWA to hg19. NOT peak calls — the deposit contains no peak files, which is why the architecture quantifies signal over an ATAC-defined region universe (D-004).",38747975,"Plotnik JP et al. (2024) MYC family amplification dictates sensitivity to BET bromodomain protein inhibitor Mivebresib (ABBV-075) in small cell lung cancer. Mol Cancer Res.","NCBI GEO public data. No stated restriction; cite the original publication. Not redistributed by this repository.","per_sample",TRUE,"pending"
"GSE230649","GSE230649","keystone","cis_regulatory","ChIP-seq;ATAC-seq","GSM7230515","GSM7230515_H524_treat_pileup.bedgraph.gz","https://ftp.ncbi.nlm.nih.gov/geo/samples/GSM7230nnn/GSM7230515/suppl/GSM7230515_H524_treat_pileup.bedgraph.gz",210603083,TRUE,NA,"none_published",NA,NA,"hg19","TRUE",FALSE,"MACS2 treat_pileup signal tracks (bedGraph, gzipped). Aligned with BWA to hg19. NOT peak calls — the deposit contains no peak files, which is why the architecture quantifies signal over an ATAC-defined region universe (D-004).",38747975,"Plotnik JP et al. (2024) MYC family amplification dictates sensitivity to BET bromodomain protein inhibitor Mivebresib (ABBV-075) in small cell lung cancer. Mol Cancer Res.","NCBI GEO public data. No stated restriction; cite the original publication. Not redistributed by this repository.","per_sample",TRUE,"pending"
"GSE230649","GSE230649","keystone","cis_regulatory","ChIP-seq;ATAC-seq","GSM7230516","GSM7230516_H526_treat_pileup.bedgraph.gz","https://ftp.ncbi.nlm.nih.gov/geo/samples/GSM7230nnn/GSM7230516/suppl/GSM7230516_H526_treat_pileup.bedgraph.gz",402912903,TRUE,NA,"none_published",NA,NA,"hg19","TRUE",FALSE,"MACS2 treat_pileup signal tracks (bedGraph, gzipped). Aligned with BWA to hg19. NOT peak calls — the deposit contains no peak files, which is why the architecture quantifies signal over an ATAC-defined region universe (D-004).",38747975,"Plotnik JP et al. (2024) MYC family amplification dictates sensitivity to BET bromodomain protein inhibitor Mivebresib (ABBV-075) in small cell lung cancer. Mol Cancer Res.","NCBI GEO public data. No stated restriction; cite the original publication. Not redistributed by this repository.","per_sample",TRUE,"pending"
"GSE230649","GSE230649","keystone","cis_regulatory","ChIP-seq;ATAC-seq","GSM7230517","GSM7230517_H69_treat_pileup.bedgraph.gz","https://ftp.ncbi.nlm.nih.gov/geo/samples/GSM7230nnn/GSM7230517/suppl/GSM7230517_H69_treat_pileup.bedgraph.gz",417147703,TRUE,NA,"none_published",NA,NA,"hg19","TRUE",FALSE,"MACS2 treat_pileup signal tracks (bedGraph, gzipped). Aligned with BWA to hg19. NOT peak calls — the deposit contains no peak files, which is why the architecture quantifies signal over an ATAC-defined region universe (D-004).",38747975,"Plotnik JP et al. (2024) MYC family amplification dictates sensitivity to BET bromodomain protein inhibitor Mivebresib (ABBV-075) in small cell lung cancer. Mol Cancer Res.","NCBI GEO public data. No stated restriction; cite the original publication. Not redistributed by this repository.","per_sample",TRUE,"pending"
"GSE230649","GSE230649","keystone","cis_regulatory","ChIP-seq;ATAC-seq","GSM7230518","GSM7230518_H847_treat_pileup.bedgraph.gz","https://ftp.ncbi.nlm.nih.gov/geo/samples/GSM7230nnn/GSM7230518/suppl/GSM7230518_H847_treat_pileup.bedgraph.gz",283836371,TRUE,NA,"none_published",NA,NA,"hg19","TRUE",FALSE,"MACS2 treat_pileup signal tracks (bedGraph, gzipped). Aligned with BWA to hg19. NOT peak calls — the deposit contains no peak files, which is why the architecture quantifies signal over an ATAC-defined region universe (D-004).",38747975,"Plotnik JP et al. (2024) MYC family amplification dictates sensitivity to BET bromodomain protein inhibitor Mivebresib (ABBV-075) in small cell lung cancer. Mol Cancer Res.","NCBI GEO public data. No stated restriction; cite the original publication. Not redistributed by this repository.","per_sample",TRUE,"pending"
"GSE230649","GSE230649","keystone","cis_regulatory","ChIP-seq;ATAC-seq","GSM7230519","GSM7230519_H889_treat_pileup.bedgraph.gz","https://ftp.ncbi.nlm.nih.gov/geo/samples/GSM7230nnn/GSM7230519/suppl/GSM7230519_H889_treat_pileup.bedgraph.gz",332326285,TRUE,NA,"none_published",NA,NA,"hg19","TRUE",FALSE,"MACS2 treat_pileup signal tracks (bedGraph, gzipped). Aligned with BWA to hg19. NOT peak calls — the deposit contains no peak files, which is why the architecture quantifies signal over an ATAC-defined region universe (D-004).",38747975,"Plotnik JP et al. (2024) MYC family amplification dictates sensitivity to BET bromodomain protein inhibitor Mivebresib (ABBV-075) in small cell lung cancer. Mol Cancer Res.","NCBI GEO public data. No stated restriction; cite the original publication. Not redistributed by this repository.","per_sample",TRUE,"pending"
"GSE230649","GSE230649","keystone","cis_regulatory","ChIP-seq;ATAC-seq","GSM7230520","GSM7230520_SHP77_treat_pileup.bedgraph.gz","https://ftp.ncbi.nlm.nih.gov/geo/samples/GSM7230nnn/GSM7230520/suppl/GSM7230520_SHP77_treat_pileup.bedgraph.gz",357082276,TRUE,NA,"none_published",NA,NA,"hg19","TRUE",FALSE,"MACS2 treat_pileup signal tracks (bedGraph, gzipped). Aligned with BWA to hg19. NOT peak calls — the deposit contains no peak files, which is why the architecture quantifies signal over an ATAC-defined region universe (D-004).",38747975,"Plotnik JP et al. (2024) MYC family amplification dictates sensitivity to BET bromodomain protein inhibitor Mivebresib (ABBV-075) in small cell lung cancer. Mol Cancer Res.","NCBI GEO public data. No stated restriction; cite the original publication. Not redistributed by this repository.","per_sample",TRUE,"pending"
"GSE269424","GSE269424","atac_support","cis_regulatory","ATAC-seq","GSM8315376","GSM8315376_H524_EGFP_1_peaks.narrowPeak.gz","https://ftp.ncbi.nlm.nih.gov/geo/samples/GSM8315nnn/GSM8315376/suppl/GSM8315376_H524_EGFP_1_peaks.narrowPeak.gz",2514801,TRUE,NA,"none_published",NA,NA,"hg38","FALSE",TRUE,"MACS2 narrowPeak calls, hg38.",NA,"GEO series 'ATAC-seq of small cell lung cancer cell lines' (no linked PubMed ID as of 2026-07-26).","NCBI GEO public data. Cite the series.","per_sample",TRUE,"pending"
"GSE269424","GSE269424","atac_support","cis_regulatory","ATAC-seq","GSM8315377","GSM8315377_H524_EGFP_2_peaks.narrowPeak.gz","https://ftp.ncbi.nlm.nih.gov/geo/samples/GSM8315nnn/GSM8315377/suppl/GSM8315377_H524_EGFP_2_peaks.narrowPeak.gz",2379647,TRUE,NA,"none_published",NA,NA,"hg38","FALSE",TRUE,"MACS2 narrowPeak calls, hg38.",NA,"GEO series 'ATAC-seq of small cell lung cancer cell lines' (no linked PubMed ID as of 2026-07-26).","NCBI GEO public data. Cite the series.","per_sample",TRUE,"pending"
"GSE269424","GSE269424","atac_support","cis_regulatory","ATAC-seq","GSM8315378","GSM8315378_Lu139_EGFP_1_peaks.narrowPeak.gz","https://ftp.ncbi.nlm.nih.gov/geo/samples/GSM8315nnn/GSM8315378/suppl/GSM8315378_Lu139_EGFP_1_peaks.narrowPeak.gz",1333979,TRUE,NA,"none_published",NA,NA,"hg38","FALSE",TRUE,"MACS2 narrowPeak calls, hg38.",NA,"GEO series 'ATAC-seq of small cell lung cancer cell lines' (no linked PubMed ID as of 2026-07-26).","NCBI GEO public data. Cite the series.","per_sample",TRUE,"pending"
"GSE269424","GSE269424","atac_support","cis_regulatory","ATAC-seq","GSM8315379","GSM8315379_Lu139_EGFP_2_peaks.narrowPeak.gz","https://ftp.ncbi.nlm.nih.gov/geo/samples/GSM8315nnn/GSM8315379/suppl/GSM8315379_Lu139_EGFP_2_peaks.narrowPeak.gz",1597345,TRUE,NA,"none_published",NA,NA,"hg38","FALSE",TRUE,"MACS2 narrowPeak calls, hg38.",NA,"GEO series 'ATAC-seq of small cell lung cancer cell lines' (no linked PubMed ID as of 2026-07-26).","NCBI GEO public data. Cite the series.","per_sample",TRUE,"pending"
"GSE256345","GSE256345","atac_support","cis_regulatory","ATAC-seq",NA,"GSE256345_H146_Peaks_merge500.bed.gz","https://ftp.ncbi.nlm.nih.gov/geo/series/GSE256nnn/GSE256345/suppl/GSE256345_H146_Peaks_merge500.bed.gz",1428946,TRUE,NA,"none_published",NA,NA,"hg38","FALSE",TRUE,"Merged peak calls (500 bp merge), hg38.",39080761,"SMARCA4 controls state plasticity in small cell lung cancer through regulation of neuroendocrine transcription factors and REST splicing.","NCBI GEO public data. Cite the publication.","series_supplementary",TRUE,"pending"
"GSE256345","GSE256345","atac_support","cis_regulatory","ATAC-seq",NA,"GSE256345_H82_Peaks_merge500.bed.gz","https://ftp.ncbi.nlm.nih.gov/geo/series/GSE256nnn/GSE256345/suppl/GSE256345_H82_Peaks_merge500.bed.gz",1691187,TRUE,NA,"none_published",NA,NA,"hg38","FALSE",TRUE,"Merged peak calls (500 bp merge), hg38.",39080761,"SMARCA4 controls state plasticity in small cell lung cancer through regulation of neuroendocrine transcription factors and REST splicing.","NCBI GEO public data. Cite the publication.","series_supplementary",TRUE,"pending"
"GSE281523","GSE281523","atac_support","cis_regulatory","ATAC-seq","GSM8622646","GSM8622646_ATAC_FFPE_Never-met_Rep1.PeakNorm.bw","https://ftp.ncbi.nlm.nih.gov/geo/samples/GSM8622nnn/GSM8622646/suppl/GSM8622646_ATAC_FFPE_Never-met_Rep1.PeakNorm.bw",109518831,TRUE,NA,"none_published",NA,NA,"hg38","FALSE",TRUE,"PeakNorm bigWig signal, GRCh38. No peak calls deposited.",40419484,"FFPE-ATAC and PDX-ATAC sequence data of small cell lung cancer.","NCBI GEO public data. Cite the publication.","per_sample",FALSE,"pending"
"GSE281523","GSE281523","atac_support","cis_regulatory","ATAC-seq","GSM8622647","GSM8622647_ATAC_FFPE_Never-met_Rep2.PeakNorm.bw","https://ftp.ncbi.nlm.nih.gov/geo/samples/GSM8622nnn/GSM8622647/suppl/GSM8622647_ATAC_FFPE_Never-met_Rep2.PeakNorm.bw",132186234,TRUE,NA,"none_published",NA,NA,"hg38","FALSE",TRUE,"PeakNorm bigWig signal, GRCh38. No peak calls deposited.",40419484,"FFPE-ATAC and PDX-ATAC sequence data of small cell lung cancer.","NCBI GEO public data. Cite the publication.","per_sample",FALSE,"pending"
"GSE281523","GSE281523","atac_support","cis_regulatory","ATAC-seq","GSM8622648","GSM8622648_ATAC_FFPE_Met-associated_Rep1.PeakNorm.bw","https://ftp.ncbi.nlm.nih.gov/geo/samples/GSM8622nnn/GSM8622648/suppl/GSM8622648_ATAC_FFPE_Met-associated_Rep1.PeakNorm.bw",66363559,TRUE,NA,"none_published",NA,NA,"hg38","FALSE",TRUE,"PeakNorm bigWig signal, GRCh38. No peak calls deposited.",40419484,"FFPE-ATAC and PDX-ATAC sequence data of small cell lung cancer.","NCBI GEO public data. Cite the publication.","per_sample",FALSE,"pending"
"GSE281523","GSE281523","atac_support","cis_regulatory","ATAC-seq","GSM8622649","GSM8622649_ATAC_FFPE_Met-associated_Rep2.PeakNorm.bw","https://ftp.ncbi.nlm.nih.gov/geo/samples/GSM8622nnn/GSM8622649/suppl/GSM8622649_ATAC_FFPE_Met-associated_Rep2.PeakNorm.bw",99121526,TRUE,NA,"none_published",NA,NA,"hg38","FALSE",TRUE,"PeakNorm bigWig signal, GRCh38. No peak calls deposited.",40419484,"FFPE-ATAC and PDX-ATAC sequence data of small cell lung cancer.","NCBI GEO public data. Cite the publication.","per_sample",FALSE,"pending"
"GSE281523","GSE281523","atac_support","cis_regulatory","ATAC-seq","GSM8622650","GSM8622650_ATAC_Lx101_Rep1_14046_BT_29_hg38_sorted.RmDup.10mNorm.bw","https://ftp.ncbi.nlm.nih.gov/geo/samples/GSM8622nnn/GSM8622650/suppl/GSM8622650_ATAC_Lx101_Rep1_14046_BT_29_hg38_sorted.RmDup.10mNorm.bw",141568827,TRUE,NA,"none_published",NA,NA,"hg38","FALSE",TRUE,"PeakNorm bigWig signal, GRCh38. No peak calls deposited.",40419484,"FFPE-ATAC and PDX-ATAC sequence data of small cell lung cancer.","NCBI GEO public data. Cite the publication.","per_sample",FALSE,"pending"
"GSE281523","GSE281523","atac_support","cis_regulatory","ATAC-seq","GSM8622651","GSM8622651_ATAC_Lx101_Rep2_14046_BT_33_hg38_sorted.RmDup.10mNorm.bw","https://ftp.ncbi.nlm.nih.gov/geo/samples/GSM8622nnn/GSM8622651/suppl/GSM8622651_ATAC_Lx101_Rep2_14046_BT_33_hg38_sorted.RmDup.10mNorm.bw",134533653,TRUE,NA,"none_published",NA,NA,"hg38","FALSE",TRUE,"PeakNorm bigWig signal, GRCh38. No peak calls deposited.",40419484,"FFPE-ATAC and PDX-ATAC sequence data of small cell lung cancer.","NCBI GEO public data. Cite the publication.","per_sample",FALSE,"pending"
"GSE281523","GSE281523","atac_support","cis_regulatory","ATAC-seq","GSM8622652","GSM8622652_ATAC_Lx328_Rep1_14046_BT_27_hg38_sorted.RmDup.10mNorm.bw","https://ftp.ncbi.nlm.nih.gov/geo/samples/GSM8622nnn/GSM8622652/suppl/GSM8622652_ATAC_Lx328_Rep1_14046_BT_27_hg38_sorted.RmDup.10mNorm.bw",128645937,TRUE,NA,"none_published",NA,NA,"hg38","FALSE",TRUE,"PeakNorm bigWig signal, GRCh38. No peak calls deposited.",40419484,"FFPE-ATAC and PDX-ATAC sequence data of small cell lung cancer.","NCBI GEO public data. Cite the publication.","per_sample",FALSE,"pending"
"GSE281523","GSE281523","atac_support","cis_regulatory","ATAC-seq","GSM8622653","GSM8622653_ATAC_Lx328_Rep2_14046_BT_31_hg38_sorted.RmDup.10mNorm.bw","https://ftp.ncbi.nlm.nih.gov/geo/samples/GSM8622nnn/GSM8622653/suppl/GSM8622653_ATAC_Lx328_Rep2_14046_BT_31_hg38_sorted.RmDup.10mNorm.bw",130483367,TRUE,NA,"none_published",NA,NA,"hg38","FALSE",TRUE,"PeakNorm bigWig signal, GRCh38. No peak calls deposited.",40419484,"FFPE-ATAC and PDX-ATAC sequence data of small cell lung cancer.","NCBI GEO public data. Cite the publication.","per_sample",FALSE,"pending"
"GSE281523","GSE281523","atac_support","cis_regulatory","ATAC-seq","GSM8622654","GSM8622654_ATAC_Lx891_Rep1_14046_BT_28_hg38_sorted.RmDup.10mNorm.bw","https://ftp.ncbi.nlm.nih.gov/geo/samples/GSM8622nnn/GSM8622654/suppl/GSM8622654_ATAC_Lx891_Rep1_14046_BT_28_hg38_sorted.RmDup.10mNorm.bw",105008081,TRUE,NA,"none_published",NA,NA,"hg38","FALSE",TRUE,"PeakNorm bigWig signal, GRCh38. No peak calls deposited.",40419484,"FFPE-ATAC and PDX-ATAC sequence data of small cell lung cancer.","NCBI GEO public data. Cite the publication.","per_sample",FALSE,"pending"
"GSE281523","GSE281523","atac_support","cis_regulatory","ATAC-seq","GSM8622655","GSM8622655_ATAC_Lx891_Rep2_14046_BT_32_hg38_sorted.RmDup.10mNorm.bw","https://ftp.ncbi.nlm.nih.gov/geo/samples/GSM8622nnn/GSM8622655/suppl/GSM8622655_ATAC_Lx891_Rep2_14046_BT_32_hg38_sorted.RmDup.10mNorm.bw",116154272,TRUE,NA,"none_published",NA,NA,"hg38","FALSE",TRUE,"PeakNorm bigWig signal, GRCh38. No peak calls deposited.",40419484,"FFPE-ATAC and PDX-ATAC sequence data of small cell lung cancer.","NCBI GEO public data. Cite the publication.","per_sample",FALSE,"pending"
"GSE281523","GSE281523","atac_support","cis_regulatory","ATAC-seq","GSM8622656","GSM8622656_ATAC_Lx1231_Rep1_14046_BT_30_hg38_sorted.RmDup.10mNorm.bw","https://ftp.ncbi.nlm.nih.gov/geo/samples/GSM8622nnn/GSM8622656/suppl/GSM8622656_ATAC_Lx1231_Rep1_14046_BT_30_hg38_sorted.RmDup.10mNorm.bw",134685261,TRUE,NA,"none_published",NA,NA,"hg38","FALSE",TRUE,"PeakNorm bigWig signal, GRCh38. No peak calls deposited.",40419484,"FFPE-ATAC and PDX-ATAC sequence data of small cell lung cancer.","NCBI GEO public data. Cite the publication.","per_sample",FALSE,"pending"
"GSE281523","GSE281523","atac_support","cis_regulatory","ATAC-seq","GSM8622657","GSM8622657_ATAC_Lx1231_Rep2_14046_BT_34_hg38_sorted.RmDup.10mNorm.bw","https://ftp.ncbi.nlm.nih.gov/geo/samples/GSM8622nnn/GSM8622657/suppl/GSM8622657_ATAC_Lx1231_Rep2_14046_BT_34_hg38_sorted.RmDup.10mNorm.bw",106259308,TRUE,NA,"none_published",NA,NA,"hg38","FALSE",TRUE,"PeakNorm bigWig signal, GRCh38. No peak calls deposited.",40419484,"FFPE-ATAC and PDX-ATAC sequence data of small cell lung cancer.","NCBI GEO public data. Cite the publication.","per_sample",FALSE,"pending"
"GSE281524","GSE281524","lineage_tf_control","cis_regulatory","ChIP-seq","GSM8622663","GSM8622663_SHP-77_ASCL1ChiP1.hg38.sorted.RmDup.10mNorm.bw","https://ftp.ncbi.nlm.nih.gov/geo/samples/GSM8622nnn/GSM8622663/suppl/GSM8622663_SHP-77_ASCL1ChiP1.hg38.sorted.RmDup.10mNorm.bw",389012032,TRUE,NA,"none_published",NA,NA,"hg38","FALSE",TRUE,"10M-normalised bigWig, hg38. IgG and input controls included.",40419484,"ASCL1-ChIP sequence data of small cell lung cancer cell lines.","NCBI GEO public data. Cite the publication.","per_sample",TRUE,"pending"
"GSE281524","GSE281524","lineage_tf_control","cis_regulatory","ChIP-seq","GSM8622664","GSM8622664_SHP-77_ASCL1ChiP2.hg38.sorted.RmDup.10mNorm.bw","https://ftp.ncbi.nlm.nih.gov/geo/samples/GSM8622nnn/GSM8622664/suppl/GSM8622664_SHP-77_ASCL1ChiP2.hg38.sorted.RmDup.10mNorm.bw",309174536,TRUE,NA,"none_published",NA,NA,"hg38","FALSE",TRUE,"10M-normalised bigWig, hg38. IgG and input controls included.",40419484,"ASCL1-ChIP sequence data of small cell lung cancer cell lines.","NCBI GEO public data. Cite the publication.","per_sample",TRUE,"pending"
"GSE281524","GSE281524","lineage_tf_control","cis_regulatory","ChIP-seq","GSM8622665","GSM8622665_SHP-77_IgGcont1.hg38.sorted.RmDup.10mNorm.bw","https://ftp.ncbi.nlm.nih.gov/geo/samples/GSM8622nnn/GSM8622665/suppl/GSM8622665_SHP-77_IgGcont1.hg38.sorted.RmDup.10mNorm.bw",444659286,TRUE,NA,"none_published",NA,NA,"hg38","FALSE",TRUE,"10M-normalised bigWig, hg38. IgG and input controls included.",40419484,"ASCL1-ChIP sequence data of small cell lung cancer cell lines.","NCBI GEO public data. Cite the publication.","per_sample",TRUE,"pending"
"GSE281524","GSE281524","lineage_tf_control","cis_regulatory","ChIP-seq","GSM8622666","GSM8622666_SHP-77_IgGcont2.hg38.sorted.RmDup.10mNorm.bw","https://ftp.ncbi.nlm.nih.gov/geo/samples/GSM8622nnn/GSM8622666/suppl/GSM8622666_SHP-77_IgGcont2.hg38.sorted.RmDup.10mNorm.bw",628806752,TRUE,NA,"none_published",NA,NA,"hg38","FALSE",TRUE,"10M-normalised bigWig, hg38. IgG and input controls included.",40419484,"ASCL1-ChIP sequence data of small cell lung cancer cell lines.","NCBI GEO public data. Cite the publication.","per_sample",TRUE,"pending"
"GSE281524","GSE281524","lineage_tf_control","cis_regulatory","ChIP-seq","GSM8622667","GSM8622667_SHP-77_input.hg38.sorted.RmDup.10mNorm.bw","https://ftp.ncbi.nlm.nih.gov/geo/samples/GSM8622nnn/GSM8622667/suppl/GSM8622667_SHP-77_input.hg38.sorted.RmDup.10mNorm.bw",518296545,TRUE,NA,"none_published",NA,NA,"hg38","FALSE",TRUE,"10M-normalised bigWig, hg38. IgG and input controls included.",40419484,"ASCL1-ChIP sequence data of small cell lung cancer cell lines.","NCBI GEO public data. Cite the publication.","per_sample",TRUE,"pending"
"GSE210113","GSE210113","lineage_tf_control","cis_regulatory","ChIP-seq",NA,"GSE210113_RAW.tar","https://ftp.ncbi.nlm.nih.gov/geo/series/GSE210nnn/GSE210113/suppl/GSE210113_RAW.tar",12523520,TRUE,NA,"none_published",NA,NA,"hg19","TRUE",FALSE,"MACS2 narrowPeak/broadPeak calls, hg19.",36378541,"BET inhibitors target the SCLC-N subtype of small cell lung cancer by blocking NEUROD1 transactivation.","NCBI GEO public data. Cite the publication.","series_tar",TRUE,"pending"
"GSE249362","GSE249362","lineage_tf_control","cis_regulatory","ChIP-seq;RNA-seq","GSM8209574","GSM8209574_20240222_KS195_ChIP_NCIH1048_DMSO_POU2F3_CST_DX1.bed.gz","https://ftp.ncbi.nlm.nih.gov/geo/samples/GSM8209nnn/GSM8209574/suppl/GSM8209574_20240222_KS195_ChIP_NCIH1048_DMSO_POU2F3_CST_DX1.bed.gz",181493,TRUE,NA,"none_published",NA,NA,"hg19","TRUE",FALSE,"POU2F3 ChIP peak calls (BED), hg19. Series also holds BRD9/H3K27ac/RPB1 ChIP and RNA-seq across DMSO / FHD286 / FHD609 treatment arms, none of which are downloaded.",39029464,"Non-canonical BAF and mSWI/SNF regulates POU2F3 and are selective targetable dependencies for POU2F3-positive small cell lung cancer.","NCBI GEO public data. Cite the publication.","per_sample",TRUE,"pending"
"GSE249362","GSE249362","lineage_tf_control","cis_regulatory","ChIP-seq;RNA-seq","GSM8209575","GSM8209575_20240222_KS199_ChIP_NCIH1048_FHD286_POU2F3_CST_DX1.bed.gz","https://ftp.ncbi.nlm.nih.gov/geo/samples/GSM8209nnn/GSM8209575/suppl/GSM8209575_20240222_KS199_ChIP_NCIH1048_FHD286_POU2F3_CST_DX1.bed.gz",4606,TRUE,NA,"none_published",NA,NA,"hg19","TRUE",FALSE,"POU2F3 ChIP peak calls (BED), hg19. Series also holds BRD9/H3K27ac/RPB1 ChIP and RNA-seq across DMSO / FHD286 / FHD609 treatment arms, none of which are downloaded.",39029464,"Non-canonical BAF and mSWI/SNF regulates POU2F3 and are selective targetable dependencies for POU2F3-positive small cell lung cancer.","NCBI GEO public data. Cite the publication.","per_sample",TRUE,"pending"
"GSE249362","GSE249362","lineage_tf_control","cis_regulatory","ChIP-seq;RNA-seq","GSM8209576","GSM8209576_20240222_KS203_ChIP_NCIH1048_FHD609_POU2F3_CST_DX1.bed.gz","https://ftp.ncbi.nlm.nih.gov/geo/samples/GSM8209nnn/GSM8209576/suppl/GSM8209576_20240222_KS203_ChIP_NCIH1048_FHD609_POU2F3_CST_DX1.bed.gz",122139,TRUE,NA,"none_published",NA,NA,"hg19","TRUE",FALSE,"POU2F3 ChIP peak calls (BED), hg19. Series also holds BRD9/H3K27ac/RPB1 ChIP and RNA-seq across DMSO / FHD286 / FHD609 treatment arms, none of which are downloaded.",39029464,"Non-canonical BAF and mSWI/SNF regulates POU2F3 and are selective targetable dependencies for POU2F3-positive small cell lung cancer.","NCBI GEO public data. Cite the publication.","per_sample",TRUE,"pending"
"GSE249362","GSE249362","lineage_tf_control","cis_regulatory","ChIP-seq;RNA-seq","GSM8209584","GSM8209584_20240402_KS235_ChIP_NCIH526_POU2F3_CST_CKX.bed.gz","https://ftp.ncbi.nlm.nih.gov/geo/samples/GSM8209nnn/GSM8209584/suppl/GSM8209584_20240402_KS235_ChIP_NCIH526_POU2F3_CST_CKX.bed.gz",664791,TRUE,NA,"none_published",NA,NA,"hg19","TRUE",FALSE,"POU2F3 ChIP peak calls (BED), hg19. Series also holds BRD9/H3K27ac/RPB1 ChIP and RNA-seq across DMSO / FHD286 / FHD609 treatment arms, none of which are downloaded.",39029464,"Non-canonical BAF and mSWI/SNF regulates POU2F3 and are selective targetable dependencies for POU2F3-positive small cell lung cancer.","NCBI GEO public data. Cite the publication.","per_sample",TRUE,"pending"
"GSE249362","GSE249362","lineage_tf_control","cis_regulatory","ChIP-seq;RNA-seq","GSM8209588","GSM8209588_20240402_KS239_ChIP_NCIH211_POU2F3_CST_CKX.bed.gz","https://ftp.ncbi.nlm.nih.gov/geo/samples/GSM8209nnn/GSM8209588/suppl/GSM8209588_20240402_KS239_ChIP_NCIH211_POU2F3_CST_CKX.bed.gz",524914,TRUE,NA,"none_published",NA,NA,"hg19","TRUE",FALSE,"POU2F3 ChIP peak calls (BED), hg19. Series also holds BRD9/H3K27ac/RPB1 ChIP and RNA-seq across DMSO / FHD286 / FHD609 treatment arms, none of which are downloaded.",39029464,"Non-canonical BAF and mSWI/SNF regulates POU2F3 and are selective targetable dependencies for POU2F3-positive small cell lung cancer.","NCBI GEO public data. Cite the publication.","per_sample",TRUE,"pending"
"GSE60052","GSE60052","tumour_primary","transcriptional","RNA-seq",NA,"GSE60052_79tumor.7normal.normalized.log2.data.Rda.tsv.gz","https://ftp.ncbi.nlm.nih.gov/geo/series/GSE60nnn/GSE60052/suppl/GSE60052_79tumor.7normal.normalized.log2.data.Rda.tsv.gz",9871615,TRUE,NA,"none_published",NA,NA,"hg19","TRUE",FALSE,"ALREADY NORMALISED, log2 scale, gene-symbol rows. VERIFIED by reading the file header. Raw counts are NOT deposited.",27093186,"RNA-seq of 79 small cell lung cancer and 7 normal control samples.","NCBI GEO public data. Cite the publication.","series_supplementary",TRUE,"pending"
"cbioportal_sclc_ucologne_2015","sclc_ucologne_2015","tumour_replication","transcriptional","RNA-seq;WGS",NA,"(REST API query)","https://www.cbioportal.org/api/studies/sclc_ucologne_2015",NA,NA,NA,"none_published",NA,NA,"hg19",NA,FALSE,"Processed expression (continuous + z-score), mutations (MAF), structural variants.",26168399,"George J et al. (2015) Comprehensive genomic profiles of small cell lung cancer. Nature.","cBioPortal public data. Cite George et al. 2015.","rest_api",TRUE,"api"
"GSE261348","GSE261348","spatial","spatial","GeoMx DSP",NA,"GSE261348_IMfirst_DSP_rawcounts.xlsx","https://ftp.ncbi.nlm.nih.gov/geo/series/GSE261nnn/GSE261348/suppl/GSE261348_IMfirst_DSP_rawcounts.xlsx",5371667,TRUE,NA,"none_published",NA,NA,"GRCh38.p13","not_applicable",FALSE,"Raw and Q3-normalised counts, GeoMx CTA panel.",38630755,"Spatially preserved multi-region transcriptomic subtyping and biomarkers of outcome with chemoimmunotherapy in extensive-stage small cell lung cancer.","NCBI GEO public data. Cite the publication.","series_supplementary",TRUE,"pending"
"GSE261348","GSE261348","spatial","spatial","GeoMx DSP",NA,"GSE261348_IMfirst_DSP_normalizedcounts.xlsx","https://ftp.ncbi.nlm.nih.gov/geo/series/GSE261nnn/GSE261348/suppl/GSE261348_IMfirst_DSP_normalizedcounts.xlsx",5377687,TRUE,NA,"none_published",NA,NA,"GRCh38.p13","not_applicable",FALSE,"Raw and Q3-normalised counts, GeoMx CTA panel.",38630755,"Spatially preserved multi-region transcriptomic subtyping and biomarkers of outcome with chemoimmunotherapy in extensive-stage small cell lung cancer.","NCBI GEO public data. Cite the publication.","series_supplementary",TRUE,"pending"
"GSE261348","GSE261348","spatial","spatial","GeoMx DSP",NA,"GSE261348_GeoMx_Hs_CTA_v1.0.pkc.gz","https://ftp.ncbi.nlm.nih.gov/geo/series/GSE261nnn/GSE261348/suppl/GSE261348_GeoMx_Hs_CTA_v1.0.pkc.gz",571413,TRUE,NA,"none_published",NA,NA,"GRCh38.p13","not_applicable",FALSE,"Raw and Q3-normalised counts, GeoMx CTA panel.",38630755,"Spatially preserved multi-region transcriptomic subtyping and biomarkers of outcome with chemoimmunotherapy in extensive-stage small cell lung cancer.","NCBI GEO public data. Cite the publication.","series_supplementary",TRUE,"pending"
"GSE261345","GSE261345","spatial","spatial","GeoMx DSP",NA,"GSE261345_CANTABRICO_DSP_rawcounts.xlsx","https://ftp.ncbi.nlm.nih.gov/geo/series/GSE261nnn/GSE261345/suppl/GSE261345_CANTABRICO_DSP_rawcounts.xlsx",4042148,TRUE,NA,"none_published",NA,NA,"GRCh38.p13","not_applicable",FALSE,"Raw and normalised counts, GeoMx CTA panel.",38630755,"As GSE261348 (CANTABRICO cohort).","NCBI GEO public data. Cite the publication.","series_supplementary",TRUE,"pending"
"GSE261345","GSE261345","spatial","spatial","GeoMx DSP",NA,"GSE261345_CANTABRICO_DSP_normalizedcounts.xlsx","https://ftp.ncbi.nlm.nih.gov/geo/series/GSE261nnn/GSE261345/suppl/GSE261345_CANTABRICO_DSP_normalizedcounts.xlsx",4050424,TRUE,NA,"none_published",NA,NA,"GRCh38.p13","not_applicable",FALSE,"Raw and normalised counts, GeoMx CTA panel.",38630755,"As GSE261348 (CANTABRICO cohort).","NCBI GEO public data. Cite the publication.","series_supplementary",TRUE,"pending"
"GSE261345","GSE261345","spatial","spatial","GeoMx DSP",NA,"GSE261345_GeoMx_Hs_CTA_v1.0.pkc.gz","https://ftp.ncbi.nlm.nih.gov/geo/series/GSE261nnn/GSE261345/suppl/GSE261345_GeoMx_Hs_CTA_v1.0.pkc.gz",571413,TRUE,NA,"none_published",NA,NA,"GRCh38.p13","not_applicable",FALSE,"Raw and normalised counts, GeoMx CTA panel.",38630755,"As GSE261348 (CANTABRICO cohort).","NCBI GEO public data. Cite the publication.","series_supplementary",TRUE,"pending"
"ucsc_chain_hg38_to_hg19","hg38ToHg19.over.chain.gz","reference","infrastructure",NA,NA,"hg38ToHg19.over.chain.gz","https://hgdownload.soe.ucsc.edu/goldenPath/hg38/liftOver/hg38ToHg19.over.chain.gz",1246411,TRUE,NA,"none_published",NA,NA,"hg38->hg19",NA,FALSE,"UCSC liftOver chain.",NA,NA,"UCSC Genome Browser data. Free for academic, non-profit and personal use; see https://genome.ucsc.edu/license/ . Not redistributed by this repository.","direct",TRUE,"pending"
"ucsc_hg19_chrom_sizes","hg19.chrom.sizes","reference","infrastructure",NA,NA,"hg19.chrom.sizes","https://hgdownload.soe.ucsc.edu/goldenPath/hg19/bigZips/hg19.chrom.sizes",1971,TRUE,NA,"none_published",NA,NA,"hg19",NA,FALSE,"Plain text chromosome sizes.",NA,NA,"UCSC Genome Browser data; see https://genome.ucsc.edu/license/ .","direct",TRUE,"pending"
"depmap","PENDING_PIN","functional","functional",NA,NA,"CRISPRGeneEffect.csv","https://depmap.org/portal/data_page/",NA,NA,NA,"none_published",NA,NA,NA,NA,FALSE,"Processed Chronos gene-effect scores.",NA,NA,"DepMap data released under CC BY 4.0. Attribution and release citation required. Not redistributed by this repository.","MANUAL",TRUE,"manual_required"
"depmap","PENDING_PIN","functional","functional",NA,NA,"Model.csv","https://depmap.org/portal/data_page/",NA,NA,NA,"none_published",NA,NA,NA,NA,FALSE,"Processed Chronos gene-effect scores.",NA,NA,"DepMap data released under CC BY 4.0. Attribution and release citation required. Not redistributed by this repository.","MANUAL",TRUE,"manual_required"
"depmap","PENDING_PIN","functional","functional",NA,NA,"OmicsCNGene.csv","https://depmap.org/portal/data_page/",NA,NA,NA,"none_published",NA,NA,NA,NA,FALSE,"Processed Chronos gene-effect scores.",NA,NA,"DepMap data released under CC BY 4.0. Attribution and release citation required. Not redistributed by this repository.","MANUAL",TRUE,"manual_required"
