dataset_id	file_name	source_url	size_bytes_expected	dest
GSE230649	GSM7230493_H3K27Ac_COLO668_R1_treat_pileup.bedgraph.gz	https://ftp.ncbi.nlm.nih.gov/geo/samples/GSM7230nnn/GSM7230493/suppl/GSM7230493_H3K27Ac_COLO668_R1_treat_pileup.bedgraph.gz	442682881	data/raw/GSE230649/GSM7230493_H3K27Ac_COLO668_R1_treat_pileup.bedgraph.gz
GSE230649	GSM7230494_H3K27Ac_H1048_R1_treat_pileup.bedgraph.gz	https://ftp.ncbi.nlm.nih.gov/geo/samples/GSM7230nnn/GSM7230494/suppl/GSM7230494_H3K27Ac_H1048_R1_treat_pileup.bedgraph.gz	411111936	data/raw/GSE230649/GSM7230494_H3K27Ac_H1048_R1_treat_pileup.bedgraph.gz
GSE230649	GSM7230495_H3K27Ac_H196_R1_treat_pileup.bedgraph.gz	https://ftp.ncbi.nlm.nih.gov/geo/samples/GSM7230nnn/GSM7230495/suppl/GSM7230495_H3K27Ac_H196_R1_treat_pileup.bedgraph.gz	233888997	data/raw/GSE230649/GSM7230495_H3K27Ac_H196_R1_treat_pileup.bedgraph.gz
GSE230649	GSM7230496_H3K27Ac_H211_R1_treat_pileup.bedgraph.gz	https://ftp.ncbi.nlm.nih.gov/geo/samples/GSM7230nnn/GSM7230496/suppl/GSM7230496_H3K27Ac_H211_R1_treat_pileup.bedgraph.gz	605971005	data/raw/GSE230649/GSM7230496_H3K27Ac_H211_R1_treat_pileup.bedgraph.gz
GSE230649	GSM7230497_H3K27Ac_H524_R1_treat_pileup.bedgraph.gz	https://ftp.ncbi.nlm.nih.gov/geo/samples/GSM7230nnn/GSM7230497/suppl/GSM7230497_H3K27Ac_H524_R1_treat_pileup.bedgraph.gz	237866964	data/raw/GSE230649/GSM7230497_H3K27Ac_H524_R1_treat_pileup.bedgraph.gz
GSE230649	GSM7230498_H3K27Ac_H526_R1_treat_pileup.bedgraph.gz	https://ftp.ncbi.nlm.nih.gov/geo/samples/GSM7230nnn/GSM7230498/suppl/GSM7230498_H3K27Ac_H526_R1_treat_pileup.bedgraph.gz	261364359	data/raw/GSE230649/GSM7230498_H3K27Ac_H526_R1_treat_pileup.bedgraph.gz
GSE230649	GSM7230499_H3K27Ac_H69_R1_treat_pileup.bedgraph.gz	https://ftp.ncbi.nlm.nih.gov/geo/samples/GSM7230nnn/GSM7230499/suppl/GSM7230499_H3K27Ac_H69_R1_treat_pileup.bedgraph.gz	213675840	data/raw/GSE230649/GSM7230499_H3K27Ac_H69_R1_treat_pileup.bedgraph.gz
GSE230649	GSM7230500_H3K27Ac_H847_R1_treat_pileup.bedgraph.gz	https://ftp.ncbi.nlm.nih.gov/geo/samples/GSM7230nnn/GSM7230500/suppl/GSM7230500_H3K27Ac_H847_R1_treat_pileup.bedgraph.gz	467976341	data/raw/GSE230649/GSM7230500_H3K27Ac_H847_R1_treat_pileup.bedgraph.gz
GSE230649	GSM7230501_H3K27Ac_H889_R1_treat_pileup.bedgraph.gz	https://ftp.ncbi.nlm.nih.gov/geo/samples/GSM7230nnn/GSM7230501/suppl/GSM7230501_H3K27Ac_H889_R1_treat_pileup.bedgraph.gz	235781569	data/raw/GSE230649/GSM7230501_H3K27Ac_H889_R1_treat_pileup.bedgraph.gz
GSE230649	GSM7230502_H3K27Ac_SHP77_R1_treat_pileup.bedgraph.gz	https://ftp.ncbi.nlm.nih.gov/geo/samples/GSM7230nnn/GSM7230502/suppl/GSM7230502_H3K27Ac_SHP77_R1_treat_pileup.bedgraph.gz	390389043	data/raw/GSE230649/GSM7230502_H3K27Ac_SHP77_R1_treat_pileup.bedgraph.gz
GSE230649	GSM7230503_MYC_H1048_R1_treat_pileup.bedgraph.gz	https://ftp.ncbi.nlm.nih.gov/geo/samples/GSM7230nnn/GSM7230503/suppl/GSM7230503_MYC_H1048_R1_treat_pileup.bedgraph.gz	252749930	data/raw/GSE230649/GSM7230503_MYC_H1048_R1_treat_pileup.bedgraph.gz
GSE230649	GSM7230504_MYC_H211_R1_treat_pileup.bedgraph.gz	https://ftp.ncbi.nlm.nih.gov/geo/samples/GSM7230nnn/GSM7230504/suppl/GSM7230504_MYC_H211_R1_treat_pileup.bedgraph.gz	223798371	data/raw/GSE230649/GSM7230504_MYC_H211_R1_treat_pileup.bedgraph.gz
GSE230649	GSM7230505_MYC_H524_R1_treat_pileup.bedgraph.gz	https://ftp.ncbi.nlm.nih.gov/geo/samples/GSM7230nnn/GSM7230505/suppl/GSM7230505_MYC_H524_R1_treat_pileup.bedgraph.gz	356112450	data/raw/GSE230649/GSM7230505_MYC_H524_R1_treat_pileup.bedgraph.gz
GSE230649	GSM7230506_MYC_H847_R1_treat_pileup.bedgraph.gz	https://ftp.ncbi.nlm.nih.gov/geo/samples/GSM7230nnn/GSM7230506/suppl/GSM7230506_MYC_H847_R1_treat_pileup.bedgraph.gz	310981839	data/raw/GSE230649/GSM7230506_MYC_H847_R1_treat_pileup.bedgraph.gz
GSE230649	GSM7230507_MYC_SHP77_R1_treat_pileup.bedgraph.gz	https://ftp.ncbi.nlm.nih.gov/geo/samples/GSM7230nnn/GSM7230507/suppl/GSM7230507_MYC_SHP77_R1_treat_pileup.bedgraph.gz	180429727	data/raw/GSE230649/GSM7230507_MYC_SHP77_R1_treat_pileup.bedgraph.gz
GSE230649	GSM7230508_MYCL1_COLO668_R1_treat_pileup.bedgraph.gz	https://ftp.ncbi.nlm.nih.gov/geo/samples/GSM7230nnn/GSM7230508/suppl/GSM7230508_MYCL1_COLO668_R1_treat_pileup.bedgraph.gz	399647454	data/raw/GSE230649/GSM7230508_MYCL1_COLO668_R1_treat_pileup.bedgraph.gz
GSE230649	GSM7230509_MYCL1_H889_R1_treat_pileup.bedgraph.gz	https://ftp.ncbi.nlm.nih.gov/geo/samples/GSM7230nnn/GSM7230509/suppl/GSM7230509_MYCL1_H889_R1_treat_pileup.bedgraph.gz	323993535	data/raw/GSE230649/GSM7230509_MYCL1_H889_R1_treat_pileup.bedgraph.gz
GSE230649	GSM7230510_MYCN_H526_R1_treat_pileup.bedgraph.gz	https://ftp.ncbi.nlm.nih.gov/geo/samples/GSM7230nnn/GSM7230510/suppl/GSM7230510_MYCN_H526_R1_treat_pileup.bedgraph.gz	442140865	data/raw/GSE230649/GSM7230510_MYCN_H526_R1_treat_pileup.bedgraph.gz
GSE230649	GSM7230511_MYCN_H69_R1_treat_pileup.bedgraph.gz	https://ftp.ncbi.nlm.nih.gov/geo/samples/GSM7230nnn/GSM7230511/suppl/GSM7230511_MYCN_H69_R1_treat_pileup.bedgraph.gz	400971832	data/raw/GSE230649/GSM7230511_MYCN_H69_R1_treat_pileup.bedgraph.gz
GSE230649	GSM7230512_COLO668_treat_pileup.bedgraph.gz	https://ftp.ncbi.nlm.nih.gov/geo/samples/GSM7230nnn/GSM7230512/suppl/GSM7230512_COLO668_treat_pileup.bedgraph.gz	331329518	data/raw/GSE230649/GSM7230512_COLO668_treat_pileup.bedgraph.gz
GSE230649	GSM7230513_H1048_treat_pileup.bedgraph.gz	https://ftp.ncbi.nlm.nih.gov/geo/samples/GSM7230nnn/GSM7230513/suppl/GSM7230513_H1048_treat_pileup.bedgraph.gz	340443282	data/raw/GSE230649/GSM7230513_H1048_treat_pileup.bedgraph.gz
GSE230649	GSM7230514_H196_treat_pileup.bedgraph.gz	https://ftp.ncbi.nlm.nih.gov/geo/samples/GSM7230nnn/GSM7230514/suppl/GSM7230514_H196_treat_pileup.bedgraph.gz	155789257	data/raw/GSE230649/GSM7230514_H196_treat_pileup.bedgraph.gz
GSE230649	GSM7230515_H524_treat_pileup.bedgraph.gz	https://ftp.ncbi.nlm.nih.gov/geo/samples/GSM7230nnn/GSM7230515/suppl/GSM7230515_H524_treat_pileup.bedgraph.gz	210603083	data/raw/GSE230649/GSM7230515_H524_treat_pileup.bedgraph.gz
GSE230649	GSM7230516_H526_treat_pileup.bedgraph.gz	https://ftp.ncbi.nlm.nih.gov/geo/samples/GSM7230nnn/GSM7230516/suppl/GSM7230516_H526_treat_pileup.bedgraph.gz	402912903	data/raw/GSE230649/GSM7230516_H526_treat_pileup.bedgraph.gz
GSE230649	GSM7230517_H69_treat_pileup.bedgraph.gz	https://ftp.ncbi.nlm.nih.gov/geo/samples/GSM7230nnn/GSM7230517/suppl/GSM7230517_H69_treat_pileup.bedgraph.gz	417147703	data/raw/GSE230649/GSM7230517_H69_treat_pileup.bedgraph.gz
GSE230649	GSM7230518_H847_treat_pileup.bedgraph.gz	https://ftp.ncbi.nlm.nih.gov/geo/samples/GSM7230nnn/GSM7230518/suppl/GSM7230518_H847_treat_pileup.bedgraph.gz	283836371	data/raw/GSE230649/GSM7230518_H847_treat_pileup.bedgraph.gz
GSE230649	GSM7230519_H889_treat_pileup.bedgraph.gz	https://ftp.ncbi.nlm.nih.gov/geo/samples/GSM7230nnn/GSM7230519/suppl/GSM7230519_H889_treat_pileup.bedgraph.gz	332326285	data/raw/GSE230649/GSM7230519_H889_treat_pileup.bedgraph.gz
GSE230649	GSM7230520_SHP77_treat_pileup.bedgraph.gz	https://ftp.ncbi.nlm.nih.gov/geo/samples/GSM7230nnn/GSM7230520/suppl/GSM7230520_SHP77_treat_pileup.bedgraph.gz	357082276	data/raw/GSE230649/GSM7230520_SHP77_treat_pileup.bedgraph.gz
GSE269424	GSM8315376_H524_EGFP_1_peaks.narrowPeak.gz	https://ftp.ncbi.nlm.nih.gov/geo/samples/GSM8315nnn/GSM8315376/suppl/GSM8315376_H524_EGFP_1_peaks.narrowPeak.gz	2514801	data/raw/GSE269424/GSM8315376_H524_EGFP_1_peaks.narrowPeak.gz
GSE269424	GSM8315377_H524_EGFP_2_peaks.narrowPeak.gz	https://ftp.ncbi.nlm.nih.gov/geo/samples/GSM8315nnn/GSM8315377/suppl/GSM8315377_H524_EGFP_2_peaks.narrowPeak.gz	2379647	data/raw/GSE269424/GSM8315377_H524_EGFP_2_peaks.narrowPeak.gz
GSE269424	GSM8315378_Lu139_EGFP_1_peaks.narrowPeak.gz	https://ftp.ncbi.nlm.nih.gov/geo/samples/GSM8315nnn/GSM8315378/suppl/GSM8315378_Lu139_EGFP_1_peaks.narrowPeak.gz	1333979	data/raw/GSE269424/GSM8315378_Lu139_EGFP_1_peaks.narrowPeak.gz
GSE269424	GSM8315379_Lu139_EGFP_2_peaks.narrowPeak.gz	https://ftp.ncbi.nlm.nih.gov/geo/samples/GSM8315nnn/GSM8315379/suppl/GSM8315379_Lu139_EGFP_2_peaks.narrowPeak.gz	1597345	data/raw/GSE269424/GSM8315379_Lu139_EGFP_2_peaks.narrowPeak.gz
GSE256345	GSE256345_H146_Peaks_merge500.bed.gz	https://ftp.ncbi.nlm.nih.gov/geo/series/GSE256nnn/GSE256345/suppl/GSE256345_H146_Peaks_merge500.bed.gz	1428946	data/raw/GSE256345/GSE256345_H146_Peaks_merge500.bed.gz
GSE256345	GSE256345_H82_Peaks_merge500.bed.gz	https://ftp.ncbi.nlm.nih.gov/geo/series/GSE256nnn/GSE256345/suppl/GSE256345_H82_Peaks_merge500.bed.gz	1691187	data/raw/GSE256345/GSE256345_H82_Peaks_merge500.bed.gz
GSE281523	GSM8622646_ATAC_FFPE_Never-met_Rep1.PeakNorm.bw	https://ftp.ncbi.nlm.nih.gov/geo/samples/GSM8622nnn/GSM8622646/suppl/GSM8622646_ATAC_FFPE_Never-met_Rep1.PeakNorm.bw	109518831	data/raw/GSE281523/GSM8622646_ATAC_FFPE_Never-met_Rep1.PeakNorm.bw
GSE281523	GSM8622647_ATAC_FFPE_Never-met_Rep2.PeakNorm.bw	https://ftp.ncbi.nlm.nih.gov/geo/samples/GSM8622nnn/GSM8622647/suppl/GSM8622647_ATAC_FFPE_Never-met_Rep2.PeakNorm.bw	132186234	data/raw/GSE281523/GSM8622647_ATAC_FFPE_Never-met_Rep2.PeakNorm.bw
GSE281523	GSM8622648_ATAC_FFPE_Met-associated_Rep1.PeakNorm.bw	https://ftp.ncbi.nlm.nih.gov/geo/samples/GSM8622nnn/GSM8622648/suppl/GSM8622648_ATAC_FFPE_Met-associated_Rep1.PeakNorm.bw	66363559	data/raw/GSE281523/GSM8622648_ATAC_FFPE_Met-associated_Rep1.PeakNorm.bw
GSE281523	GSM8622649_ATAC_FFPE_Met-associated_Rep2.PeakNorm.bw	https://ftp.ncbi.nlm.nih.gov/geo/samples/GSM8622nnn/GSM8622649/suppl/GSM8622649_ATAC_FFPE_Met-associated_Rep2.PeakNorm.bw	99121526	data/raw/GSE281523/GSM8622649_ATAC_FFPE_Met-associated_Rep2.PeakNorm.bw
GSE281523	GSM8622650_ATAC_Lx101_Rep1_14046_BT_29_hg38_sorted.RmDup.10mNorm.bw	https://ftp.ncbi.nlm.nih.gov/geo/samples/GSM8622nnn/GSM8622650/suppl/GSM8622650_ATAC_Lx101_Rep1_14046_BT_29_hg38_sorted.RmDup.10mNorm.bw	141568827	data/raw/GSE281523/GSM8622650_ATAC_Lx101_Rep1_14046_BT_29_hg38_sorted.RmDup.10mNorm.bw
GSE281523	GSM8622651_ATAC_Lx101_Rep2_14046_BT_33_hg38_sorted.RmDup.10mNorm.bw	https://ftp.ncbi.nlm.nih.gov/geo/samples/GSM8622nnn/GSM8622651/suppl/GSM8622651_ATAC_Lx101_Rep2_14046_BT_33_hg38_sorted.RmDup.10mNorm.bw	134533653	data/raw/GSE281523/GSM8622651_ATAC_Lx101_Rep2_14046_BT_33_hg38_sorted.RmDup.10mNorm.bw
GSE281523	GSM8622652_ATAC_Lx328_Rep1_14046_BT_27_hg38_sorted.RmDup.10mNorm.bw	https://ftp.ncbi.nlm.nih.gov/geo/samples/GSM8622nnn/GSM8622652/suppl/GSM8622652_ATAC_Lx328_Rep1_14046_BT_27_hg38_sorted.RmDup.10mNorm.bw	128645937	data/raw/GSE281523/GSM8622652_ATAC_Lx328_Rep1_14046_BT_27_hg38_sorted.RmDup.10mNorm.bw
GSE281523	GSM8622653_ATAC_Lx328_Rep2_14046_BT_31_hg38_sorted.RmDup.10mNorm.bw	https://ftp.ncbi.nlm.nih.gov/geo/samples/GSM8622nnn/GSM8622653/suppl/GSM8622653_ATAC_Lx328_Rep2_14046_BT_31_hg38_sorted.RmDup.10mNorm.bw	130483367	data/raw/GSE281523/GSM8622653_ATAC_Lx328_Rep2_14046_BT_31_hg38_sorted.RmDup.10mNorm.bw
GSE281523	GSM8622654_ATAC_Lx891_Rep1_14046_BT_28_hg38_sorted.RmDup.10mNorm.bw	https://ftp.ncbi.nlm.nih.gov/geo/samples/GSM8622nnn/GSM8622654/suppl/GSM8622654_ATAC_Lx891_Rep1_14046_BT_28_hg38_sorted.RmDup.10mNorm.bw	105008081	data/raw/GSE281523/GSM8622654_ATAC_Lx891_Rep1_14046_BT_28_hg38_sorted.RmDup.10mNorm.bw
GSE281523	GSM8622655_ATAC_Lx891_Rep2_14046_BT_32_hg38_sorted.RmDup.10mNorm.bw	https://ftp.ncbi.nlm.nih.gov/geo/samples/GSM8622nnn/GSM8622655/suppl/GSM8622655_ATAC_Lx891_Rep2_14046_BT_32_hg38_sorted.RmDup.10mNorm.bw	116154272	data/raw/GSE281523/GSM8622655_ATAC_Lx891_Rep2_14046_BT_32_hg38_sorted.RmDup.10mNorm.bw
GSE281523	GSM8622656_ATAC_Lx1231_Rep1_14046_BT_30_hg38_sorted.RmDup.10mNorm.bw	https://ftp.ncbi.nlm.nih.gov/geo/samples/GSM8622nnn/GSM8622656/suppl/GSM8622656_ATAC_Lx1231_Rep1_14046_BT_30_hg38_sorted.RmDup.10mNorm.bw	134685261	data/raw/GSE281523/GSM8622656_ATAC_Lx1231_Rep1_14046_BT_30_hg38_sorted.RmDup.10mNorm.bw
GSE281523	GSM8622657_ATAC_Lx1231_Rep2_14046_BT_34_hg38_sorted.RmDup.10mNorm.bw	https://ftp.ncbi.nlm.nih.gov/geo/samples/GSM8622nnn/GSM8622657/suppl/GSM8622657_ATAC_Lx1231_Rep2_14046_BT_34_hg38_sorted.RmDup.10mNorm.bw	106259308	data/raw/GSE281523/GSM8622657_ATAC_Lx1231_Rep2_14046_BT_34_hg38_sorted.RmDup.10mNorm.bw
GSE281524	GSM8622663_SHP-77_ASCL1ChiP1.hg38.sorted.RmDup.10mNorm.bw	https://ftp.ncbi.nlm.nih.gov/geo/samples/GSM8622nnn/GSM8622663/suppl/GSM8622663_SHP-77_ASCL1ChiP1.hg38.sorted.RmDup.10mNorm.bw	389012032	data/raw/GSE281524/GSM8622663_SHP-77_ASCL1ChiP1.hg38.sorted.RmDup.10mNorm.bw
GSE281524	GSM8622664_SHP-77_ASCL1ChiP2.hg38.sorted.RmDup.10mNorm.bw	https://ftp.ncbi.nlm.nih.gov/geo/samples/GSM8622nnn/GSM8622664/suppl/GSM8622664_SHP-77_ASCL1ChiP2.hg38.sorted.RmDup.10mNorm.bw	309174536	data/raw/GSE281524/GSM8622664_SHP-77_ASCL1ChiP2.hg38.sorted.RmDup.10mNorm.bw
GSE281524	GSM8622665_SHP-77_IgGcont1.hg38.sorted.RmDup.10mNorm.bw	https://ftp.ncbi.nlm.nih.gov/geo/samples/GSM8622nnn/GSM8622665/suppl/GSM8622665_SHP-77_IgGcont1.hg38.sorted.RmDup.10mNorm.bw	444659286	data/raw/GSE281524/GSM8622665_SHP-77_IgGcont1.hg38.sorted.RmDup.10mNorm.bw
GSE281524	GSM8622666_SHP-77_IgGcont2.hg38.sorted.RmDup.10mNorm.bw	https://ftp.ncbi.nlm.nih.gov/geo/samples/GSM8622nnn/GSM8622666/suppl/GSM8622666_SHP-77_IgGcont2.hg38.sorted.RmDup.10mNorm.bw	628806752	data/raw/GSE281524/GSM8622666_SHP-77_IgGcont2.hg38.sorted.RmDup.10mNorm.bw
GSE281524	GSM8622667_SHP-77_input.hg38.sorted.RmDup.10mNorm.bw	https://ftp.ncbi.nlm.nih.gov/geo/samples/GSM8622nnn/GSM8622667/suppl/GSM8622667_SHP-77_input.hg38.sorted.RmDup.10mNorm.bw	518296545	data/raw/GSE281524/GSM8622667_SHP-77_input.hg38.sorted.RmDup.10mNorm.bw
GSE210113	GSE210113_RAW.tar	https://ftp.ncbi.nlm.nih.gov/geo/series/GSE210nnn/GSE210113/suppl/GSE210113_RAW.tar	12523520	data/raw/GSE210113/GSE210113_RAW.tar
GSE249362	GSM8209574_20240222_KS195_ChIP_NCIH1048_DMSO_POU2F3_CST_DX1.bed.gz	https://ftp.ncbi.nlm.nih.gov/geo/samples/GSM8209nnn/GSM8209574/suppl/GSM8209574_20240222_KS195_ChIP_NCIH1048_DMSO_POU2F3_CST_DX1.bed.gz	181493	data/raw/GSE249362/GSM8209574_20240222_KS195_ChIP_NCIH1048_DMSO_POU2F3_CST_DX1.bed.gz
GSE249362	GSM8209575_20240222_KS199_ChIP_NCIH1048_FHD286_POU2F3_CST_DX1.bed.gz	https://ftp.ncbi.nlm.nih.gov/geo/samples/GSM8209nnn/GSM8209575/suppl/GSM8209575_20240222_KS199_ChIP_NCIH1048_FHD286_POU2F3_CST_DX1.bed.gz	4606	data/raw/GSE249362/GSM8209575_20240222_KS199_ChIP_NCIH1048_FHD286_POU2F3_CST_DX1.bed.gz
GSE249362	GSM8209576_20240222_KS203_ChIP_NCIH1048_FHD609_POU2F3_CST_DX1.bed.gz	https://ftp.ncbi.nlm.nih.gov/geo/samples/GSM8209nnn/GSM8209576/suppl/GSM8209576_20240222_KS203_ChIP_NCIH1048_FHD609_POU2F3_CST_DX1.bed.gz	122139	data/raw/GSE249362/GSM8209576_20240222_KS203_ChIP_NCIH1048_FHD609_POU2F3_CST_DX1.bed.gz
GSE249362	GSM8209584_20240402_KS235_ChIP_NCIH526_POU2F3_CST_CKX.bed.gz	https://ftp.ncbi.nlm.nih.gov/geo/samples/GSM8209nnn/GSM8209584/suppl/GSM8209584_20240402_KS235_ChIP_NCIH526_POU2F3_CST_CKX.bed.gz	664791	data/raw/GSE249362/GSM8209584_20240402_KS235_ChIP_NCIH526_POU2F3_CST_CKX.bed.gz
GSE249362	GSM8209588_20240402_KS239_ChIP_NCIH211_POU2F3_CST_CKX.bed.gz	https://ftp.ncbi.nlm.nih.gov/geo/samples/GSM8209nnn/GSM8209588/suppl/GSM8209588_20240402_KS239_ChIP_NCIH211_POU2F3_CST_CKX.bed.gz	524914	data/raw/GSE249362/GSM8209588_20240402_KS239_ChIP_NCIH211_POU2F3_CST_CKX.bed.gz
GSE60052	GSE60052_79tumor.7normal.normalized.log2.data.Rda.tsv.gz	https://ftp.ncbi.nlm.nih.gov/geo/series/GSE60nnn/GSE60052/suppl/GSE60052_79tumor.7normal.normalized.log2.data.Rda.tsv.gz	9871615	data/raw/GSE60052/GSE60052_79tumor.7normal.normalized.log2.data.Rda.tsv.gz
GSE261348	GSE261348_IMfirst_DSP_rawcounts.xlsx	https://ftp.ncbi.nlm.nih.gov/geo/series/GSE261nnn/GSE261348/suppl/GSE261348_IMfirst_DSP_rawcounts.xlsx	5371667	data/raw/GSE261348/GSE261348_IMfirst_DSP_rawcounts.xlsx
GSE261348	GSE261348_IMfirst_DSP_normalizedcounts.xlsx	https://ftp.ncbi.nlm.nih.gov/geo/series/GSE261nnn/GSE261348/suppl/GSE261348_IMfirst_DSP_normalizedcounts.xlsx	5377687	data/raw/GSE261348/GSE261348_IMfirst_DSP_normalizedcounts.xlsx
GSE261348	GSE261348_GeoMx_Hs_CTA_v1.0.pkc.gz	https://ftp.ncbi.nlm.nih.gov/geo/series/GSE261nnn/GSE261348/suppl/GSE261348_GeoMx_Hs_CTA_v1.0.pkc.gz	571413	data/raw/GSE261348/GSE261348_GeoMx_Hs_CTA_v1.0.pkc.gz
GSE261345	GSE261345_CANTABRICO_DSP_rawcounts.xlsx	https://ftp.ncbi.nlm.nih.gov/geo/series/GSE261nnn/GSE261345/suppl/GSE261345_CANTABRICO_DSP_rawcounts.xlsx	4042148	data/raw/GSE261345/GSE261345_CANTABRICO_DSP_rawcounts.xlsx
GSE261345	GSE261345_CANTABRICO_DSP_normalizedcounts.xlsx	https://ftp.ncbi.nlm.nih.gov/geo/series/GSE261nnn/GSE261345/suppl/GSE261345_CANTABRICO_DSP_normalizedcounts.xlsx	4050424	data/raw/GSE261345/GSE261345_CANTABRICO_DSP_normalizedcounts.xlsx
GSE261345	GSE261345_GeoMx_Hs_CTA_v1.0.pkc.gz	https://ftp.ncbi.nlm.nih.gov/geo/series/GSE261nnn/GSE261345/suppl/GSE261345_GeoMx_Hs_CTA_v1.0.pkc.gz	571413	data/raw/GSE261345/GSE261345_GeoMx_Hs_CTA_v1.0.pkc.gz
ucsc_chain_hg38_to_hg19	hg38ToHg19.over.chain.gz	https://hgdownload.soe.ucsc.edu/goldenPath/hg38/liftOver/hg38ToHg19.over.chain.gz	1246411	data/raw/ucsc_chain_hg38_to_hg19/hg38ToHg19.over.chain.gz
ucsc_hg19_chrom_sizes	hg19.chrom.sizes	https://hgdownload.soe.ucsc.edu/goldenPath/hg19/bigZips/hg19.chrom.sizes	1971	data/raw/ucsc_hg19_chrom_sizes/hg19.chrom.sizes
