"cohort","roi","slide","single_patient","segment_type","nuclei","raw_reads","saturation"
"GSE261348","IMF-030 | 001 | Geometric Segment","IMF-030",TRUE,"Geometric Segment",1140,2010060,64.6015973268347
"GSE261348","IMF-030 | 002 | Geometric Segment","IMF-030",TRUE,"Geometric Segment",3990,7114028,58.6519171031695
"GSE261348","IMF-030 | 003 | Geometric Segment","IMF-030",TRUE,"Geometric Segment",3510,5003229,60.0454714389727
"GSE261348","IMF-030 | 004 | Geometric Segment","IMF-030",TRUE,"Geometric Segment",1950,6360849,62.476540828184
"GSE261348","IMF-030 | 005 | Geometric Segment","IMF-030",TRUE,"Geometric Segment",815,1564125,62.2855781343998
"GSE261348","IMF-030 | 006 | Geometric Segment","IMF-030",TRUE,"Geometric Segment",1366,6155586,66.9265095999526
"GSE261348","IMF-030 | 007 | Geometric Segment","IMF-030",TRUE,"Geometric Segment",2008,5929029,62.9393129444731
"GSE261348","IMF-019-020 | 001 | Geometric Segment","IMF-019-020",FALSE,"Geometric Segment",2827,11746417,62.0460392259115
"GSE261348","IMF-019-020 | 002 | Geometric Segment","IMF-019-020",FALSE,"Geometric Segment",3653,9965528,60.828929846281
"GSE261348","IMF-019-020 | 003 | Geometric Segment","IMF-019-020",FALSE,"Geometric Segment",2653,5049624,63.2870296241125
"GSE261348","IMF-019-020 | 004 | Geometric Segment","IMF-019-020",FALSE,"Geometric Segment",4003,22762741,59.9756616427242
"GSE261348","IMF-019-020 | 006 | Geometric Segment","IMF-019-020",FALSE,"Geometric Segment",2809,12024754,58.2903109554565
"GSE261348","IMF-019-020 | 007 | Geometric Segment","IMF-019-020",FALSE,"Geometric Segment",2951,12602902,58.8400376652965
"GSE261348","IMF-019-020 | 008 | Geometric Segment","IMF-019-020",FALSE,"Geometric Segment",3453,25704994,56.8549410850766
"GSE261348","IMF-019-020 | 009 | Geometric Segment","IMF-019-020",FALSE,"Geometric Segment",3776,9172739,62.3704738856802
"GSE261348","IMF-019-020 | 010 | Geometric Segment","IMF-019-020",FALSE,"Geometric Segment",2096,3938443,59.4550052289553
"GSE261348","IMF-019-020 | 011 | Geometric Segment","IMF-019-020",FALSE,"Geometric Segment",1532,4257459,59.2530748972022
"GSE261348","IMF-019-020 | 012 | Geometric Segment","IMF-019-020",FALSE,"Geometric Segment",764,2172922,59.0517724708494
"GSE261348","IMF-019-020 | 013 | Geometric Segment","IMF-019-020",FALSE,"Geometric Segment",1640,5711314,61.1544398155091
"GSE261348","IMF-005/006 | 001 | Geometric Segment","IMF-005/006",FALSE,"Geometric Segment",1568,4801894,64.6684758561183
"GSE261348","IMF-005/006 | 002 | Geometric Segment","IMF-005/006",FALSE,"Geometric Segment",1859,9709092,59.8619287147145
"GSE261348","IMF-005/006 | 003 | Geometric Segment","IMF-005/006",FALSE,"Geometric Segment",2260,7693893,67.2193814295353
"GSE261348","IMF-005/006 | 004 | Geometric Segment","IMF-005/006",FALSE,"Geometric Segment",3279,32954828,62.4496306245803
"GSE261348","IMF-005/006 | 005 | Geometric Segment","IMF-005/006",FALSE,"Geometric Segment",1054,10408057,64.5058208903704
"GSE261348","IMF-005/006 | 006 | Geometric Segment","IMF-005/006",FALSE,"Geometric Segment",3311,23467199,62.7802788100394
"GSE261348","IMF-005/006 | 007 | Geometric Segment","IMF-005/006",FALSE,"Geometric Segment",2245,22308860,61.5954725063961
"GSE261348","IMF-005/006 | 008 | Geometric Segment","IMF-005/006",FALSE,"Geometric Segment",1572,6943966,59.196215233347
"GSE261348","IMF-005/006 | 009 | Geometric Segment","IMF-005/006",FALSE,"Geometric Segment",2237,11136378,61.0098220471979
"GSE261348","IMF-005/006 | 010 | Geometric Segment","IMF-005/006",FALSE,"Geometric Segment",1648,7833187,61.7241161109253
"GSE261348","IMF-005/006 | 011 | Geometric Segment","IMF-005/006",FALSE,"Geometric Segment",733,3145108,62.4614734408153
"GSE261348","IMF-005/006 | 012 | Geometric Segment","IMF-005/006",FALSE,"Geometric Segment",626,2921880,59.603251921235
"GSE261348","IMF-007/008 | 001 | Geometric Segment","IMF-007/008",FALSE,"Geometric Segment",2632,4943338,63.1610121966107
"GSE261348","IMF-007/008 | 002 | Geometric Segment","IMF-007/008",FALSE,"Geometric Segment",745,1206486,61.5210709763303
"GSE261348","IMF-007/008 | 003 | Geometric Segment","IMF-007/008",FALSE,"Geometric Segment",1126,1437466,58.4417503036548
"GSE261348","IMF-007/008 | 004 | Geometric Segment","IMF-007/008",FALSE,"Geometric Segment",2292,3032277,63.3811980897405
"GSE261348","IMF-007/008 | 005 | Geometric Segment","IMF-007/008",FALSE,"Geometric Segment",2896,25182359,54.7754195948575
"GSE261348","IMF-007/008 | 006 | Geometric Segment","IMF-007/008",FALSE,"Geometric Segment",3287,30005789,55.1457961596361
"GSE261348","IMF-007/008 | 007 | Geometric Segment","IMF-007/008",FALSE,"Geometric Segment",3266,20829068,62.7273257424371
"GSE261348","IMF-007/008 | 008 | Geometric Segment","IMF-007/008",FALSE,"Geometric Segment",2063,7695968,56.2465335176346
"GSE261348","IMF-007/008 | 009 | Geometric Segment","IMF-007/008",FALSE,"Geometric Segment",3482,34948338,56.455272084841
"GSE261348","IMF-007/008 | 010 | Geometric Segment","IMF-007/008",FALSE,"Geometric Segment",3555,28483661,57.3613318080127
"GSE261348","IMF-007/008 | 011 | Geometric Segment","IMF-007/008",FALSE,"Geometric Segment",3572,23450865,60.0581579131668
"GSE261348","IMF-007/008 | 012 | Geometric Segment","IMF-007/008",FALSE,"Geometric Segment",3143,24268758,56.3614518184993
"GSE261348","IMF-031/034 | 001 | Geometric Segment","IMF-031/034",FALSE,"Geometric Segment",2285,29303868,60.5603429529883
"GSE261348","IMF-031/034 | 002 | Geometric Segment","IMF-031/034",FALSE,"Geometric Segment",2138,16027503,59.2666894029062
"GSE261348","IMF-037/039 | 001 | Full ROI","IMF-037/039",FALSE,"Full ROI",4292,18292345,61.5011052769483
"GSE261348","IMF-037/039 | 002 | Full ROI","IMF-037/039",FALSE,"Full ROI",4446,19070622,61.7777209966192
"GSE261348","IMF-037/039 | 003 | Full ROI","IMF-037/039",FALSE,"Full ROI",4623,18003328,58.4510170587867
"GSE261348","IMF-037/039 | 004 | Full ROI","IMF-037/039",FALSE,"Full ROI",4261,19217288,57.2015258798488
"GSE261348","IMF-037/039 | 005 | Full ROI","IMF-037/039",FALSE,"Full ROI",4371,20955763,61.191456753177
"GSE261348","IMF-037/039 | 006 | Full ROI","IMF-037/039",FALSE,"Full ROI",3747,22452117,59.9536179990113
"GSE261348","IMF-037/039 | 007 | Full ROI","IMF-037/039",FALSE,"Full ROI",4264,9352294,61.5042119400572
"GSE261348","IMF-037/039 | 008 | Full ROI","IMF-037/039",FALSE,"Full ROI",3245,7516369,60.7651776056287
"GSE261348","IMF-037/039 | 009 | Full ROI","IMF-037/039",FALSE,"Full ROI",3701,14113277,60.4841831092201
"GSE261348","IMF-037/039 | 010 | Full ROI","IMF-037/039",FALSE,"Full ROI",3370,11879677,63.8952287343623
"GSE261348","IMF-037/039 | 011 | Full ROI","IMF-037/039",FALSE,"Full ROI",3665,10262945,62.7004450511006
"GSE261348","IMF-037/039 | 012 | Full ROI","IMF-037/039",FALSE,"Full ROI",4215,11140825,58.2484751997517
"GSE261348","IMF-037/039 | 013 | Full ROI","IMF-037/039",FALSE,"Full ROI",4279,14633101,55.3509270082544
"GSE261348","IMF-026/033 | 001 | Geometric Segment","IMF-026/033",FALSE,"Geometric Segment",935,5049435,61.319739011857
"GSE261348","IMF-026/033 | 002 | Geometric Segment","IMF-026/033",FALSE,"Geometric Segment",285,1507477,64.3995524300604
"GSE261348","IMF-026/033 | 003 | Geometric Segment","IMF-026/033",FALSE,"Geometric Segment",3791,6145648,58.5857180913135
"GSE261348","IMF-026/033 | 004 | Geometric Segment","IMF-026/033",FALSE,"Geometric Segment",4629,6538798,58.7474162388943
"GSE261348","IMF-026/033 | 005 | Geometric Segment","IMF-026/033",FALSE,"Geometric Segment",4081,6052284,56.7791823871998
"GSE261348","IMF-026/033 | 006 | Geometric Segment","IMF-026/033",FALSE,"Geometric Segment",3904,3971412,60.2593256176649
"GSE261348","IMF-026/033 | 007 | Geometric Segment","IMF-026/033",FALSE,"Geometric Segment",4101,3348297,58.257739420781
"GSE261348","IMF-026/033 | 008 | Geometric Segment","IMF-026/033",FALSE,"Geometric Segment",2786,2141109,63.4442475426788
"GSE261348","IMF-026/033 | 009 | Geometric Segment","IMF-026/033",FALSE,"Geometric Segment",2444,1621271,55.9382685740784
"GSE261348","IMF-013/015 | 001 | Geometric Segment","IMF-013/015",FALSE,"Geometric Segment",2492,17926123,60.8048836282375
"GSE261348","IMF-013/015 | 002 | Geometric Segment","IMF-013/015",FALSE,"Geometric Segment",2707,18075603,60.1747473336449
"GSE261348","IMF-013/015 | 003 | Geometric Segment","IMF-013/015",FALSE,"Geometric Segment",2268,14829336,61.2586941417244
"GSE261348","IMF-013/015 | 004 | Geometric Segment","IMF-013/015",FALSE,"Geometric Segment",2618,13748736,57.7401812340374
"GSE261348","IMF-013/015 | 005 | Geometric Segment","IMF-013/015",FALSE,"Geometric Segment",1161,5848510,60.4102778940495
"GSE261348","IMF-013/015 | 006 | Geometric Segment","IMF-013/015",FALSE,"Geometric Segment",2152,11116728,58.7275571040845
"GSE261348","IMF-013/015 | 007 | Geometric Segment","IMF-013/015",FALSE,"Geometric Segment",2214,8543959,55.2414375075344
"GSE261348","IMF-013/015 | 008 | Geometric Segment","IMF-013/015",FALSE,"Geometric Segment",2835,11129430,55.897605233835
"GSE261348","IMF-013/015 | 009 | Geometric Segment","IMF-013/015",FALSE,"Geometric Segment",2940,12375475,60.2321534378962
"GSE261348","IMF-016/018 | 001 | Geometric Segment","IMF-016/018",FALSE,"Geometric Segment",4115,5896548,59.8965581173697
"GSE261348","IMF-016/018 | 002 | Geometric Segment","IMF-016/018",FALSE,"Geometric Segment",4051,7462274,55.542069412366
"GSE261348","IMF-016/018 | 003 | Geometric Segment","IMF-016/018",FALSE,"Geometric Segment",4016,8767224,56.0364366042336
"GSE261348","IMF-016/018 | 004 | Geometric Segment","IMF-016/018",FALSE,"Geometric Segment",4706,9324289,55.2365674349998
"GSE261348","IMF-016/018 | 005 | Geometric Segment","IMF-016/018",FALSE,"Geometric Segment",2517,7253865,61.1719669685191
"GSE261348","IMF-016/018 | 006 | Geometric Segment","IMF-016/018",FALSE,"Geometric Segment",2367,8607257,61.7924450200991
"GSE261348","IMF-016/018 | 007 | Geometric Segment","IMF-016/018",FALSE,"Geometric Segment",2923,10558221,61.5934968331487
"GSE261348","IMF-016/018 | 008 | Geometric Segment","IMF-016/018",FALSE,"Geometric Segment",3424,7983724,64.0298988763547
"GSE261348","IMF-016/018 | 009 | Geometric Segment","IMF-016/018",FALSE,"Geometric Segment",1103,4565795,61.2785540298981
"GSE261348","IMF-016/018 | 010 | Geometric Segment","IMF-016/018",FALSE,"Geometric Segment",4488,10363021,59.887108845112
"GSE261348","IMF-016/018 | 011 | Geometric Segment","IMF-016/018",FALSE,"Geometric Segment",3810,9240982,55.6041696576613
"GSE261348","IMF-016/018 | 012 | Geometric Segment","IMF-016/018",FALSE,"Geometric Segment",3181,7862659,55.0521743223596
"GSE261348","IMF-016/018 | 013 | Geometric Segment","IMF-016/018",FALSE,"Geometric Segment",1493,9886626,60.5938185140716
"GSE261348","IMF-016/018 | 014 | Geometric Segment","IMF-016/018",FALSE,"Geometric Segment",3754,10710943,61.2402388260791
"GSE261348","IMF-016/018 | 015 | Geometric Segment","IMF-016/018",FALSE,"Geometric Segment",1542,2721993,60.9380573149896
"GSE261348","IMF-029 | 001 | Geometric Segment","IMF-029",TRUE,"Geometric Segment",1440,7816283,55.8228943367649
"GSE261348","IMF-029 | 002 | Geometric Segment","IMF-029",TRUE,"Geometric Segment",1447,8396571,63.9373694409787
"GSE261348","IMF-029 | 003 | Geometric Segment","IMF-029",TRUE,"Geometric Segment",2269,14735069,66.3354020768521
"GSE261348","IMF-029 | 004 | Geometric Segment","IMF-029",TRUE,"Geometric Segment",3216,18374577,61.6137741699993
"GSE261348","IMF-029 | 005 | Geometric Segment","IMF-029",TRUE,"Geometric Segment",1155,3770179,45.9218793613875
"GSE261348","IMF-029 | 006 | Geometric Segment","IMF-029",TRUE,"Geometric Segment",2259,4457601,62.3049694609295
"GSE261348","IMF-029 | 007 | Geometric Segment","IMF-029",TRUE,"Geometric Segment",2236,5282694,61.9035614531806
"GSE261348","IMF-029 | 008 | Geometric Segment","IMF-029",TRUE,"Geometric Segment",1693,6622806,61.2169944901709
"GSE261348","IMF-040/042 | 001 | Full ROI","IMF-040/042",FALSE,"Full ROI",4989,22834352,58.6362038202117
"GSE261348","IMF-040/042 | 002 | Full ROI","IMF-040/042",FALSE,"Full ROI",4371,18020162,57.5566858071598
"GSE261348","IMF-040/042 | 003 | Full ROI","IMF-040/042",FALSE,"Full ROI",3772,17338261,61.6470073321714
"GSE261348","IMF-040/042 | 004 | Full ROI","IMF-040/042",FALSE,"Full ROI",4145,26887021,55.3005773690643
"GSE261348","IMF-040/042 | 005 | Full ROI","IMF-040/042",FALSE,"Full ROI",3964,24435542,59.5044434321884
"GSE261348","IMF-040/042 | 006 | Full ROI","IMF-040/042",FALSE,"Full ROI",3987,12333744,56.0725370088215
"GSE261348","IMF-040/042 | 007 | Full ROI","IMF-040/042",FALSE,"Full ROI",4551,15631305,60.6420090620756
"GSE261348","IMF-040/042 | 008 | Full ROI","IMF-040/042",FALSE,"Full ROI",4307,15483637,62.3444057616854
"GSE261348","IMF-040/042 | 009 | Full ROI","IMF-040/042",FALSE,"Full ROI",4124,15004424,59.6937622956368
"GSE261348","IMF-009/010 | 001 | Geometric Segment","IMF-009/010",FALSE,"Geometric Segment",3126,4370977,56.0369646492089
"GSE261348","IMF-009/010 | 002 | Geometric Segment","IMF-009/010",FALSE,"Geometric Segment",4047,5438106,60.4323229607004
"GSE261348","IMF-009/010 | 003 | Geometric Segment","IMF-009/010",FALSE,"Geometric Segment",3764,5965413,61.3587777899081
"GSE261348","IMF-009/010 | 004 | Geometric Segment","IMF-009/010",FALSE,"Geometric Segment",3263,6136676,60.9800981195753
"GSE261348","IMF-009/010 | 005 | Geometric Segment","IMF-009/010",FALSE,"Geometric Segment",4147,7665232,63.2156169118568
"GSE261348","IMF-009/010 | 006 | Geometric Segment","IMF-009/010",FALSE,"Geometric Segment",3536,6324799,61.5249891647637
"GSE261348","IMF-009/010 | 007 | Geometric Segment","IMF-009/010",FALSE,"Geometric Segment",1868,6827053,64.324761894026
"GSE261348","IMF-009/010 | 009 | Geometric Segment","IMF-009/010",FALSE,"Geometric Segment",1687,2737858,56.474194394808
"GSE261348","IMF-009/010 | 010 | Geometric Segment","IMF-009/010",FALSE,"Geometric Segment",1584,4361937,59.6436664201937
"GSE261348","IMF-024/025 | 001 | Geometric Segment","IMF-024/025",FALSE,"Geometric Segment",2540,14823002,59.7590448776476
"GSE261348","IMF-024/025 | 002 | Geometric Segment","IMF-024/025",FALSE,"Geometric Segment",3813,19678864,57.2120924240286
"GSE261348","IMF-024/025 | 003 | Geometric Segment","IMF-024/025",FALSE,"Geometric Segment",2882,8515022,60.4785366762393
"GSE261348","IMF-024/025 | 004 | Geometric Segment","IMF-024/025",FALSE,"Geometric Segment",1436,6765214,61.0449857247219
"GSE261348","IMF-024/025 | 005 | Geometric Segment","IMF-024/025",FALSE,"Geometric Segment",936,3801205,61.1741533068255
"GSE261348","IMF-024/025 | 006 | Geometric Segment","IMF-024/025",FALSE,"Geometric Segment",3729,13273008,60.3695162890933
"GSE261348","IMF-024/025 | 007 | Geometric Segment","IMF-024/025",FALSE,"Geometric Segment",2364,21964695,65.2787067054965
"GSE261348","IMF-024/025 | 008 | Geometric Segment","IMF-024/025",FALSE,"Geometric Segment",2163,17898972,62.4032360501135
"GSE261348","IMF-024/025 | 009 | Geometric Segment","IMF-024/025",FALSE,"Geometric Segment",2721,16137178,62.3005512771419
"GSE261348","IMF-024/025 | 010 | Geometric Segment","IMF-024/025",FALSE,"Geometric Segment",3201,15858114,60.3952082953487
"GSE261348","IMF-024/025 | 011 | Geometric Segment","IMF-024/025",FALSE,"Geometric Segment",2732,11557088,61.3711356291096
"GSE261348","IMF-024/025 | 012 | Geometric Segment","IMF-024/025",FALSE,"Geometric Segment",1792,8967239,60.6409691738847
"GSE261348","IMF-024/025 | 013 | Geometric Segment","IMF-024/025",FALSE,"Geometric Segment",1383,8897209,63.067361351527
"GSE261348","IMF-027/028 | 001 | Geometric Segment","IMF-027/028",FALSE,"Geometric Segment",1232,1511541,58.0372796710954
"GSE261348","IMF-027/028 | 002 | Geometric Segment","IMF-027/028",FALSE,"Geometric Segment",937,1855492,63.474062136658
"GSE261348","IMF-027/028 | 003 | Geometric Segment","IMF-027/028",FALSE,"Geometric Segment",1433,1810313,63.1215237770096
"GSE261348","IMF-027/028 | 004 | Geometric Segment","IMF-027/028",FALSE,"Geometric Segment",1984,4119849,65.824015969696
"GSE261348","IMF-027/028 | 005 | Geometric Segment","IMF-027/028",FALSE,"Geometric Segment",2773,3304821,62.1304418162396
"GSE261348","IMF-027/028 | 006 | Geometric Segment","IMF-027/028",FALSE,"Geometric Segment",2772,3892109,63.7775419893525
"GSE261348","IMF-027/028 | 007 | Geometric Segment","IMF-027/028",FALSE,"Geometric Segment",2492,2982543,59.2494904111534
"GSE261348","IMF-027/028 | 008 | Geometric Segment","IMF-027/028",FALSE,"Geometric Segment",2503,3722560,61.7272235848582
"GSE261348","IMF-027/028 | 009 | Geometric Segment","IMF-027/028",FALSE,"Geometric Segment",1770,3223852,62.7939811226993
"GSE261348","IMF-027/028 | 010 | Geometric Segment","IMF-027/028",FALSE,"Geometric Segment",3178,6444836,60.2203052057112
"GSE261348","IMF-027/028 | 011 | Geometric Segment","IMF-027/028",FALSE,"Geometric Segment",2248,3833077,65.3571202138874
"GSE261348","IMF-027/028 | 012 | Geometric Segment","IMF-027/028",FALSE,"Geometric Segment",1990,3535575,66.1328822347573
"GSE261348","IMF-043 | 001 | Full ROI","IMF-043",TRUE,"Full ROI",3815,27700315,60.0364173996127
"GSE261348","IMF-043 | 002 | Full ROI","IMF-043",TRUE,"Full ROI",2891,8674670,60.9449532662445
"GSE261348","IMF-043 | 003 | Full ROI","IMF-043",TRUE,"Full ROI",2469,15661635,60.8060320529144
"GSE261348","IMF-043 | 004 | Full ROI","IMF-043",TRUE,"Full ROI",1800,12093767,52.6790776348139
"GSE261348","IMF-043 | 005 | Full ROI","IMF-043",TRUE,"Full ROI",2201,14420936,54.5188108393681
"GSE261348","IMF-043 | 006 | Full ROI","IMF-043",TRUE,"Full ROI",1878,14705040,61.7828362847176
"GSE261348","IMF-011/012 | 001 | Geometric Segment","IMF-011/012",FALSE,"Geometric Segment",2502,7660023,63.2789548921117
"GSE261348","IMF-011/012 | 002 | Geometric Segment","IMF-011/012",FALSE,"Geometric Segment",737,1606275,60.5701656849683
"GSE261348","IMF-011/012 | 003 | Geometric Segment","IMF-011/012",FALSE,"Geometric Segment",517,866268,58.2032791935841
"GSE261348","IMF-011/012 | 004 | Geometric Segment","IMF-011/012",FALSE,"Geometric Segment",5119,10277275,59.7583034776216
"GSE261348","IMF-011/012 | 005 | Geometric Segment","IMF-011/012",FALSE,"Geometric Segment",4591,11280421,61.372427378149
"GSE261348","IMF-011/012 | 006 | Geometric Segment","IMF-011/012",FALSE,"Geometric Segment",4882,6900571,57.7387487111632
"GSE261348","IMF-011/012 | 007 | Geometric Segment","IMF-011/012",FALSE,"Geometric Segment",4734,9445138,62.803221258739
"GSE261348","IMF-003/004 | 001 | Geometric Segment","IMF-003/004",FALSE,"Geometric Segment",3793,9709172,64.0297600434626
"GSE261348","IMF-003/004 | 002 | Geometric Segment","IMF-003/004",FALSE,"Geometric Segment",1031,2335972,65.7718715768063
"GSE261348","IMF-003/004 | 003 | Geometric Segment","IMF-003/004",FALSE,"Geometric Segment",1000,3340687,61.9633343409716
"GSE261348","IMF-003/004 | 004 | Geometric Segment","IMF-003/004",FALSE,"Geometric Segment",1319,3543929,68.277851841768
"GSE261348","IMF-003/004 | 005 | Geometric Segment","IMF-003/004",FALSE,"Geometric Segment",679,2111350,65.2469308420344
"GSE261348","IMF-003/004 | 006 | Geometric Segment","IMF-003/004",FALSE,"Geometric Segment",582,1080169,65.2837959544968
"GSE261348","IMF-003/004 | 007 | Geometric Segment","IMF-003/004",FALSE,"Geometric Segment",470,540283,45.5467369380733
"GSE261348","IMF-021/022 | 001 | Geometric Segment","IMF-021/022",FALSE,"Geometric Segment",2259,5659258,62.0872123828547
"GSE261348","IMF-021/022 | 002 | Geometric Segment","IMF-021/022",FALSE,"Geometric Segment",1621,1956925,65.2971051829108
"GSE261348","IMF-021/022 | 003 | Geometric Segment","IMF-021/022",FALSE,"Geometric Segment",2363,3253560,49.0846840937108
"GSE261348","IMF-021/022 | 004 | Geometric Segment","IMF-021/022",FALSE,"Geometric Segment",1696,2797596,60.3683892986769
"GSE261348","IMF-021/022 | 005 | Geometric Segment","IMF-021/022",FALSE,"Geometric Segment",1352,3488043,63.7210991298187
"GSE261348","IMF-021/022 | 006 | Geometric Segment","IMF-021/022",FALSE,"Geometric Segment",421,1411075,64.8411724379113
"GSE261348","IMF-021/022 | 007 | Geometric Segment","IMF-021/022",FALSE,"Geometric Segment",627,1833517,65.6494382780608
"GSE261348","IMF-021/022 | 008 | Geometric Segment","IMF-021/022",FALSE,"Geometric Segment",1175,2728807,64.5083283787737
"GSE261348","IMF-021/022 | 009 | Geometric Segment","IMF-021/022",FALSE,"Geometric Segment",523,1734581,66.3471406993976
"GSE261348","IMF-021/022 | 010 | Geometric Segment","IMF-021/022",FALSE,"Geometric Segment",1079,4040838,60.0942064291291
"GSE261348","IMF-021/022 | 011 | Geometric Segment","IMF-021/022",FALSE,"Geometric Segment",503,2279764,65.8454506223107
"GSE261348","IMF-021/022 | 012 | Geometric Segment","IMF-021/022",FALSE,"Geometric Segment",617,1122977,66.5929264363308
"GSE261345","CAN-037 CAN-039 | 001 | Full ROI","CAN-037 CAN-039",FALSE,"Full ROI",2088,6154638,48.5462546806448
"GSE261345","CAN-037 CAN-039 | 002 | Full ROI","CAN-037 CAN-039",FALSE,"Full ROI",1822,2674078,49.8244761265622
"GSE261345","CAN-037 CAN-039 | 003 | Full ROI","CAN-037 CAN-039",FALSE,"Full ROI",1474,1990752,49.9461086515785
"GSE261345","CAN-037 CAN-039 | 004 | Full ROI","CAN-037 CAN-039",FALSE,"Full ROI",2775,3085830,48.798433252182
"GSE261345","CAN-040 CAN-041.1 | 001 | Full ROI","CAN-040 CAN-041.1",FALSE,"Full ROI",2626,30271947,83.0915772759395
"GSE261345","CAN-040 CAN-041.1 | 002 | Full ROI","CAN-040 CAN-041.1",FALSE,"Full ROI",3289,39817686,81.4462592324957
"GSE261345","CAN-040 CAN-041.1 | 003 | Full ROI","CAN-040 CAN-041.1",FALSE,"Full ROI",2933,29909624,80.8370804497228
"GSE261345","CAN-040 CAN-041.1 | 004 | Full ROI","CAN-040 CAN-041.1",FALSE,"Full ROI",3361,32390200,80.9499923626133
"GSE261345","CAN-040 CAN-041.1 | 005 | Full ROI","CAN-040 CAN-041.1",FALSE,"Full ROI",2591,22120744,81.4305833028222
"GSE261345","CAN-040 CAN-041.1 | 006 | Full ROI","CAN-040 CAN-041.1",FALSE,"Full ROI",2761,22850071,81.3727453676764
"GSE261345","CAN-040 CAN-041.1 | 007 | Full ROI","CAN-040 CAN-041.1",FALSE,"Full ROI",3357,3098383,78.7191117241945
"GSE261345","CAN-040 CAN-041.1 | 008 | Full ROI","CAN-040 CAN-041.1",FALSE,"Full ROI",3419,2961197,81.2507417793446
"GSE261345","CAN-040 CAN-041.1 | 009 | Full ROI","CAN-040 CAN-041.1",FALSE,"Full ROI",2935,3906244,82.653414571156
"GSE261345","CAN-019 CAN-020 | 001 | Full ROI","CAN-019 CAN-020",FALSE,"Full ROI",4767,3621863,47.4866366051226
"GSE261345","CAN-019 CAN-020 | 002 | Full ROI","CAN-019 CAN-020",FALSE,"Full ROI",3583,2679094,48.5870451392102
"GSE261345","CAN-019 CAN-020 | 003 | Full ROI","CAN-019 CAN-020",FALSE,"Full ROI",4055,3319231,48.1093387297452
"GSE261345","CAN-019 CAN-020 | 004 | Full ROI","CAN-019 CAN-020",FALSE,"Full ROI",3764,2811338,47.3351328783609
"GSE261345","CAN-019 CAN-020 | 005 | Full ROI","CAN-019 CAN-020",FALSE,"Full ROI",4560,6033042,49.8937738991679
"GSE261345","CAN-019 CAN-020 | 006 | Full ROI","CAN-019 CAN-020",FALSE,"Full ROI",3875,4398278,49.3181114717552
"GSE261345","CAN-019 CAN-020 | 007 | Full ROI","CAN-019 CAN-020",FALSE,"Full ROI",4634,4646653,45.4494853994373
"GSE261345","CAN-019 CAN-020 | 008 | Full ROI","CAN-019 CAN-020",FALSE,"Full ROI",4210,4524169,46.8394635571914
"GSE261345","CAN-019 CAN-020 | 009 | Full ROI","CAN-019 CAN-020",FALSE,"Full ROI",3182,7487934,46.3391994737085
"GSE261345","CAN-019 CAN-020 | 010 | Full ROI","CAN-019 CAN-020",FALSE,"Full ROI",3603,7114018,49.9902816976217
"GSE261345","CAN-019 CAN-020 | 011 | Full ROI","CAN-019 CAN-020",FALSE,"Full ROI",3245,3881529,46.3567813196211
"GSE261345","CAN-019 CAN-020 | 012 | Full ROI","CAN-019 CAN-020",FALSE,"Full ROI",4418,7663668,49.3592174090504
"GSE261345","CAN-019 CAN-020 | 013 | Full ROI","CAN-019 CAN-020",FALSE,"Full ROI",4050,6409527,46.414783387406
"GSE261345","CAN-044.2 CAN-046 | 001 | Full ROI","CAN-044.2 CAN-046",FALSE,"Full ROI",1067,927550,43.1304774515711
"GSE261345","CAN-044.2 CAN-046 | 002 | Full ROI","CAN-044.2 CAN-046",FALSE,"Full ROI",885,3829801,76.8861679795785
"GSE261345","CAN-044.2 CAN-046 | 003 | Full ROI","CAN-044.2 CAN-046",FALSE,"Full ROI",1433,7059290,80.7076827973528
"GSE261345","CAN-044.2 CAN-046 | 004 | Full ROI","CAN-044.2 CAN-046",FALSE,"Full ROI",2780,20669015,85.597769644051
"GSE261345","CAN-044.2 CAN-046 | 005 | Full ROI","CAN-044.2 CAN-046",FALSE,"Full ROI",2412,14187090,84.9424592794702
"GSE261345","CAN-044.2 CAN-046 | 006 | Full ROI","CAN-044.2 CAN-046",FALSE,"Full ROI",2478,7036216,67.1322767152635
"GSE261345","CAN-044.2 CAN-046 | 007 | Full ROI","CAN-044.2 CAN-046",FALSE,"Full ROI",2886,22055321,75.8442242372301
"GSE261345","CAN-044.2 CAN-046 | 008 | Full ROI","CAN-044.2 CAN-046",FALSE,"Full ROI",2727,22323530,83.3882542409623
"GSE261345","CAN-044.2 CAN-046 | 009 | Full ROI","CAN-044.2 CAN-046",FALSE,"Full ROI",3265,31568652,80.1361708546701
"GSE261345","CAN-044.2 CAN-046 | 010 | Full ROI","CAN-044.2 CAN-046",FALSE,"Full ROI",3365,31659167,80.665777343791
"GSE261345","CAN-044.2 CAN-046 | 011 | Full ROI","CAN-044.2 CAN-046",FALSE,"Full ROI",2408,18806951,83.7586967867134
"GSE261345","CAN-044.2 CAN-046 | 012 | Full ROI","CAN-044.2 CAN-046",FALSE,"Full ROI",3453,21411208,83.653054216373
"GSE261345","CAN-044.2 CAN-046 | 013 | Full ROI","CAN-044.2 CAN-046",FALSE,"Full ROI",2360,17811802,83.1346900479421
"GSE261345","CAN-044.2 CAN-046 | 014 | Full ROI","CAN-044.2 CAN-046",FALSE,"Full ROI",3649,13552959,80.4074325544682
"GSE261345","CAN-001 CAN-002 | 001 | Full ROI","CAN-001 CAN-002",FALSE,"Full ROI",3069,7899300,48.2728946856765
"GSE261345","CAN-001 CAN-002 | 002 | Full ROI","CAN-001 CAN-002",FALSE,"Full ROI",3831,7397947,51.5204382510365
"GSE261345","CAN-001 CAN-002 | 003 | Full ROI","CAN-001 CAN-002",FALSE,"Full ROI",3293,6688222,47.4915390647888
"GSE261345","CAN-001 CAN-002 | 004 | Full ROI","CAN-001 CAN-002",FALSE,"Full ROI",4193,8343640,49.099447416361
"GSE261345","CAN-001 CAN-002 | 005 | Full ROI","CAN-001 CAN-002",FALSE,"Full ROI",4122,6975530,50.5794392523365
"GSE261345","CAN-001 CAN-002 | 006 | Full ROI","CAN-001 CAN-002",FALSE,"Full ROI",3346,6654527,46.8734140925627
"GSE261345","CAN-001 CAN-002 | 007 | Full ROI","CAN-001 CAN-002",FALSE,"Full ROI",3486,6204229,47.658388408504
"GSE261345","CAN-001 CAN-002 | 008 | Full ROI","CAN-001 CAN-002",FALSE,"Full ROI",3294,5454273,48.6268585879203
"GSE261345","CAN-001 CAN-002 | 009 | Full ROI","CAN-001 CAN-002",FALSE,"Full ROI",3571,5511395,43.7315601614588
"GSE261345","CAN-001 CAN-002 | 010 | Full ROI","CAN-001 CAN-002",FALSE,"Full ROI",3599,3746210,45.8555465775502
"GSE261345","CAN-001 CAN-002 | 011 | Full ROI","CAN-001 CAN-002",FALSE,"Full ROI",3565,5267096,48.8189959479246
"GSE261345","CAN-001 CAN-002 | 012 | Full ROI","CAN-001 CAN-002",FALSE,"Full ROI",3547,7951101,46.4478947013932
"GSE261345","CAN-001 CAN-002 | 013 | Full ROI","CAN-001 CAN-002",FALSE,"Full ROI",3793,7149519,52.2076234283273
"GSE261345","CAN-001 CAN-002 | 014 | Full ROI","CAN-001 CAN-002",FALSE,"Full ROI",3645,4722892,52.0217308646872
"GSE261345","CAN-001 CAN-002 | 015 | Full ROI","CAN-001 CAN-002",FALSE,"Full ROI",4112,6430540,50.1906966954325
"GSE261345","CAN-001 CAN-002 | 016 | Full ROI","CAN-001 CAN-002",FALSE,"Full ROI",3399,7915044,51.9167077711588
"GSE261345","CAN-001 CAN-002 | 017 | Full ROI","CAN-001 CAN-002",FALSE,"Full ROI",3717,3926554,47.2959966733029
"GSE261345","CAN-001 CAN-002 | 018 | Full ROI","CAN-001 CAN-002",FALSE,"Full ROI",3677,4716870,48.4195309927356
"GSE261345","CAN-001 CAN-002 | 019 | Full ROI","CAN-001 CAN-002",FALSE,"Full ROI",3964,7786811,45.865640240478
"GSE261345","CAN-001 CAN-002 | 020 | Full ROI","CAN-001 CAN-002",FALSE,"Full ROI",3298,7797635,51.0565577077038
"GSE261345","CAN-001 CAN-002 | 021 | Full ROI","CAN-001 CAN-002",FALSE,"Full ROI",3557,7469195,44.6481106253671
"GSE261345","CAN-005 CAN-006 | 001 | Full ROI","CAN-005 CAN-006",FALSE,"Full ROI",5396,5965666,47.8165087914676
"GSE261345","CAN-005 CAN-006 | 002 | Full ROI","CAN-005 CAN-006",FALSE,"Full ROI",4695,9620348,47.7423457993965
"GSE261345","CAN-005 CAN-006 | 003 | Full ROI","CAN-005 CAN-006",FALSE,"Full ROI",3778,7626716,45.3358384331968
"GSE261345","CAN-005 CAN-006 | 004 | Full ROI","CAN-005 CAN-006",FALSE,"Full ROI",5022,7989248,47.9485407040337
"GSE261345","CAN-005 CAN-006 | 005 | Full ROI","CAN-005 CAN-006",FALSE,"Full ROI",4145,8067956,48.4823325422134
"GSE261345","CAN-005 CAN-006 | 006 | Full ROI","CAN-005 CAN-006",FALSE,"Full ROI",4943,10344770,46.5454907986814
"GSE261345","CAN-005 CAN-006 | 007 | Full ROI","CAN-005 CAN-006",FALSE,"Full ROI",4730,10850097,48.6049668561271
"GSE261345","CAN-005 CAN-006 | 008 | Full ROI","CAN-005 CAN-006",FALSE,"Full ROI",3519,12606405,44.6577184034073
"GSE261345","CAN-005 CAN-006 | 009 | Full ROI","CAN-005 CAN-006",FALSE,"Full ROI",2909,13252614,49.1041042797188
"GSE261345","CAN-005 CAN-006 | 010 | Full ROI","CAN-005 CAN-006",FALSE,"Full ROI",4839,9848040,50.2359520424326
"GSE261345","CAN-005 CAN-006 | 011 | Full ROI","CAN-005 CAN-006",FALSE,"Full ROI",3367,12288551,45.7676734260553
"GSE261345","CAN-021 CAN-022 | 001 | Full ROI","CAN-021 CAN-022",FALSE,"Full ROI",3008,3389551,44.8849988432342
"GSE261345","CAN-021 CAN-022 | 002 | Full ROI","CAN-021 CAN-022",FALSE,"Full ROI",1909,2802532,49.4177783099007
"GSE261345","CAN-021 CAN-022 | 003 | Full ROI","CAN-021 CAN-022",FALSE,"Full ROI",1790,2025461,47.6161748807034
"GSE261345","CAN-021 CAN-022 | 004 | Full ROI","CAN-021 CAN-022",FALSE,"Full ROI",4453,5103437,50.3926447164143
"GSE261345","CAN-021 CAN-022 | 005 | Full ROI","CAN-021 CAN-022",FALSE,"Full ROI",3172,3078715,49.005086044028
"GSE261345","CAN-021 CAN-022 | 006 | Full ROI","CAN-021 CAN-022",FALSE,"Full ROI",3478,1569381,46.1943788155338
"GSE261345","CAN-017 CAN-018 | 001 | Full ROI","CAN-017 CAN-018",FALSE,"Full ROI",2971,4851582,46.2595239797164
"GSE261345","CAN-017 CAN-018 | 002 | Full ROI","CAN-017 CAN-018",FALSE,"Full ROI",2349,4396042,52.7082596899134
"GSE261345","CAN-017 CAN-018 | 003 | Full ROI","CAN-017 CAN-018",FALSE,"Full ROI",2555,4532512,49.0416556015721
"GSE261345","CAN-017 CAN-018 | 004 | Full ROI","CAN-017 CAN-018",FALSE,"Full ROI",2579,5352430,51.369536529787
"GSE261345","CAN-017 CAN-018 | 005 | Full ROI","CAN-017 CAN-018",FALSE,"Full ROI",2712,2460886,33.9216085222333
"GSE261345","CAN-017 CAN-018 | 006 | Full ROI","CAN-017 CAN-018",FALSE,"Full ROI",1779,2944698,54.3194768362206
"GSE261345","CAN-042 CAN-043 | 001 | Full ROI","CAN-042 CAN-043",FALSE,"Full ROI",3682,16811326,68.3537274535003
"GSE261345","CAN-042 CAN-043 | 002 | Full ROI","CAN-042 CAN-043",FALSE,"Full ROI",3644,39609012,83.4604643254683
"GSE261345","CAN-042 CAN-043 | 003 | Full ROI","CAN-042 CAN-043",FALSE,"Full ROI",3551,25664023,83.9045181058762
"GSE261345","CAN-042 CAN-043 | 004 | Full ROI","CAN-042 CAN-043",FALSE,"Full ROI",3532,20354253,82.6430146987414
"GSE261345","CAN-042 CAN-043 | 005 | Full ROI","CAN-042 CAN-043",FALSE,"Full ROI",3462,16413908,78.3328949654285
"GSE261345","CAN-042 CAN-043 | 006 | Full ROI","CAN-042 CAN-043",FALSE,"Full ROI",3712,21095023,82.9171836673977
"GSE261345","CAN-042 CAN-043 | 007 | Full ROI","CAN-042 CAN-043",FALSE,"Full ROI",1486,6741811,81.8886924097603
"GSE261345","CAN-028 CAN-029 | 001 | Full ROI","CAN-028 CAN-029",FALSE,"Full ROI",3480,6561197,50.8319607286872
"GSE261345","CAN-028 CAN-029 | 002 | Full ROI","CAN-028 CAN-029",FALSE,"Full ROI",3731,5979120,50.5376566128804
"GSE261345","CAN-028 CAN-029 | 003 | Full ROI","CAN-028 CAN-029",FALSE,"Full ROI",3557,4866489,50.232946330926
"GSE261345","CAN-028 CAN-029 | 004 | Full ROI","CAN-028 CAN-029",FALSE,"Full ROI",5164,6225619,50.3059176447603
"GSE261345","CAN-028 CAN-029 | 005 | Full ROI","CAN-028 CAN-029",FALSE,"Full ROI",4433,5529638,48.9022584190193
"GSE261345","CAN-028 CAN-029 | 006 | Full ROI","CAN-028 CAN-029",FALSE,"Full ROI",3843,5057401,50.4294090341911
"GSE261345","CAN-009 CAN-015 | 001 | Full ROI","CAN-009 CAN-015",FALSE,"Full ROI",3441,12344630,48.0170335735773
"GSE261345","CAN-009 CAN-015 | 002 | Full ROI","CAN-009 CAN-015",FALSE,"Full ROI",2467,5496174,50.1963732740736
"GSE261345","CAN-009 CAN-015 | 003 | Full ROI","CAN-009 CAN-015",FALSE,"Full ROI",3781,14097187,44.2621528353283
"GSE261345","CAN-009 CAN-015 | 004 | Full ROI","CAN-009 CAN-015",FALSE,"Full ROI",3475,5268675,49.2945863604406
"GSE261345","CAN-009 CAN-015 | 005 | Full ROI","CAN-009 CAN-015",FALSE,"Full ROI",1182,1371274,48.592672901793
"GSE261345","CAN-023 CAN-024 | 001 | Full ROI","CAN-023 CAN-024",FALSE,"Full ROI",4017,8212467,51.9149513795719
"GSE261345","CAN-023 CAN-024 | 002 | Full ROI","CAN-023 CAN-024",FALSE,"Full ROI",2501,4961191,50.6845447046385
"GSE261345","CAN-007 CAN-008 | 001 | Full ROI","CAN-007 CAN-008",FALSE,"Full ROI",4470,6621001,48.0544194669079
"GSE261345","CAN-007 CAN-008 | 002 | Full ROI","CAN-007 CAN-008",FALSE,"Full ROI",3833,3624620,46.4463859237092
"GSE261345","CAN-007 CAN-008 | 003 | Full ROI","CAN-007 CAN-008",FALSE,"Full ROI",4133,6231248,50.9655239416429
"GSE261345","CAN-007 CAN-008 | 004 | Full ROI","CAN-007 CAN-008",FALSE,"Full ROI",4065,6101565,47.6712830193195
"GSE261345","CAN-007 CAN-008 | 005 | Full ROI","CAN-007 CAN-008",FALSE,"Full ROI",3774,3062885,44.3708349351201
"GSE261345","CAN-007 CAN-008 | 006 | Full ROI","CAN-007 CAN-008",FALSE,"Full ROI",4210,8328249,49.6001405035253
"GSE261345","CAN-007 CAN-008 | 007 | Full ROI","CAN-007 CAN-008",FALSE,"Full ROI",4390,4598683,49.0745356219139
"GSE261345","CAN-007 CAN-008 | 008 | Full ROI","CAN-007 CAN-008",FALSE,"Full ROI",4599,4854538,49.5631156867966
"GSE261345","CAN-007 CAN-008 | 009 | Full ROI","CAN-007 CAN-008",FALSE,"Full ROI",5112,4159389,47.6069369306999
"GSE261345","CAN-007 CAN-008 | 010 | Full ROI","CAN-007 CAN-008",FALSE,"Full ROI",3968,5064864,53.2394658907882
"GSE261345","CAN-007 CAN-008 | 011 | Full ROI","CAN-007 CAN-008",FALSE,"Full ROI",4889,4438006,51.5495650085019
"GSE261345","CAN-003 CAN-004 | 001 | Full ROI","CAN-003 CAN-004",FALSE,"Full ROI",2000,9900316,46.7892274186113
"GSE261345","CAN-003 CAN-004 | 002 | Full ROI","CAN-003 CAN-004",FALSE,"Full ROI",1922,11206939,42.7579256587723
"GSE261345","CAN-003 CAN-004 | 003 | Full ROI","CAN-003 CAN-004",FALSE,"Full ROI",1684,9330681,45.6051367066026
"GSE261345","CAN-003 CAN-004 | 004 | Full ROI","CAN-003 CAN-004",FALSE,"Full ROI",1484,8840620,48.6917489736835
"GSE261345","CAN-003 CAN-004 | 005 | Full ROI","CAN-003 CAN-004",FALSE,"Full ROI",2095,12068926,40.5584116499763
"GSE261345","CAN-003 CAN-004 | 006 | Full ROI","CAN-003 CAN-004",FALSE,"Full ROI",2142,14349712,46.4083379879914
